,Group,Batch,UMAP1,UMAP2
Cell1,Group4,Batch1,-3.330209,1.7807922
Cell2,Group4,Batch1,-2.2524738,1.9996666
Cell3,Group3,Batch1,-4.7646656,0.83461154
Cell4,Group3,Batch1,-3.758201,-0.16305391
Cell5,Group3,Batch1,-5.1978908,0.8163449
Cell6,Group2,Batch1,9.941778,-2.9790258
Cell7,Group4,Batch1,-2.9922297,-0.59860533
Cell8,Group3,Batch1,-6.7910295,0.1419902
Cell9,Group4,Batch1,-2.1269398,0.580211
Cell10,Group2,Batch1,9.095969,-1.034091
Cell11,Group3,Batch1,-6.164912,0.78049916
Cell12,Group2,Batch1,8.184092,-2.726582
Cell13,Group4,Batch1,-1.728472,2.1754606
Cell14,Group2,Batch1,9.076189,-4.2238836
Cell15,Group2,Batch1,8.824082,-1.2370309
Cell16,Group4,Batch1,-3.1103017,2.4325593
Cell17,Group1,Batch1,11.766282,13.658348
Cell18,Group3,Batch1,-5.7864027,-1.0715828
Cell19,Group2,Batch1,8.787152,-1.3621267
Cell20,Group1,Batch1,12.214831,13.725145
Cell21,Group4,Batch1,-2.9007556,-1.5760177
Cell22,Group4,Batch1,-2.0187612,-0.9499794
Cell23,Group2,Batch1,9.864562,-0.9841534
Cell24,Group2,Batch1,9.073767,-2.865323
Cell25,Group4,Batch1,-3.2559984,0.3326913
Cell26,Group1,Batch1,12.133193,14.244915
Cell27,Group4,Batch1,-1.6287653,-0.5267606
Cell28,Group4,Batch1,-1.768894,-1.6340113
Cell29,Group4,Batch1,-3.6723182,-1.0002481
Cell30,Group4,Batch1,-4.08581,0.2261204
Cell31,Group2,Batch1,9.865496,-1.421658
Cell32,Group2,Batch1,9.885148,-1.302426
Cell33,Group2,Batch1,10.734215,-3.2716951
Cell34,Group4,Batch1,-2.2077997,1.273976
Cell35,Group2,Batch1,9.566402,-1.948494
Cell36,Group4,Batch1,-1.3901359,-0.67284054
Cell37,Group2,Batch1,9.243615,-2.192075
Cell38,Group4,Batch1,-1.3090216,-0.646816
Cell39,Group2,Batch1,8.540268,-3.1599705
Cell40,Group3,Batch1,-5.536534,1.1862704
Cell41,Group3,Batch1,-6.001745,-0.76124465
Cell42,Group3,Batch1,-4.0084696,-0.656273
Cell43,Group2,Batch1,9.696293,-3.8449144
Cell44,Group4,Batch1,-2.1285326,0.21603818
Cell45,Group3,Batch1,-5.6078253,-0.101723
Cell46,Group4,Batch1,-3.6855242,1.0561953
Cell47,Group3,Batch1,-6.414217,0.30209795
Cell48,Group2,Batch1,10.433444,-1.2696081
Cell49,Group4,Batch1,-2.330218,-1.0628345
Cell50,Group4,Batch1,-3.7040448,2.133845
Cell51,Group2,Batch1,11.129295,-2.6534505
Cell52,Group3,Batch1,-6.180441,1.2355882
Cell53,Group3,Batch1,-6.208073,0.7394679
Cell54,Group2,Batch1,8.719688,-3.8287253
Cell55,Group2,Batch1,10.288299,-2.9367423
Cell56,Group2,Batch1,10.38986,-1.9647766
Cell57,Group4,Batch1,-1.4172174,0.15202181
Cell58,Group2,Batch1,9.936995,-2.3179066
Cell59,Group4,Batch1,-3.4667785,1.7116052
Cell60,Group3,Batch1,-5.818085,1.4447467
Cell61,Group3,Batch1,-4.9705753,0.397437
Cell62,Group2,Batch1,8.425642,-1.6846228
Cell63,Group2,Batch1,10.240134,-3.780212
Cell64,Group4,Batch1,-3.356597,1.3074365
Cell65,Group4,Batch1,-3.5404234,-1.1330224
Cell66,Group4,Batch1,-3.9275339,0.96165127
Cell67,Group4,Batch1,-2.734654,1.2174441
Cell68,Group1,Batch1,11.54201,13.817913
Cell69,Group4,Batch1,-2.2755818,0.9853844
Cell70,Group2,Batch1,10.958961,-3.3680692
Cell71,Group3,Batch1,-5.9498754,-0.62213016
Cell72,Group2,Batch1,9.047796,-1.691677
Cell73,Group4,Batch1,-3.3538783,2.4769495
Cell74,Group2,Batch1,9.239471,-3.4217627
Cell75,Group3,Batch1,-4.602483,-0.57283825
Cell76,Group2,Batch1,9.540208,-3.1877291
Cell77,Group3,Batch1,-6.2959657,-0.38623285
Cell78,Group3,Batch1,-5.3138256,1.0676792
Cell79,Group3,Batch1,-4.009644,-1.716252
Cell80,Group2,Batch1,8.7871065,-2.4610972
Cell81,Group4,Batch1,-3.2187548,-1.9674778
Cell82,Group2,Batch1,9.988411,-3.8656516
Cell83,Group2,Batch1,9.212856,-1.6630116
Cell84,Group3,Batch1,-5.1684923,-1.2645751
Cell85,Group2,Batch1,9.0376835,-1.4109974
Cell86,Group4,Batch1,-1.5118213,0.051355068
Cell87,Group3,Batch1,-3.7973359,-0.3473417
Cell88,Group4,Batch1,-1.0946419,-0.8825386
Cell89,Group4,Batch1,-0.857296,1.1958122
Cell90,Group4,Batch1,-3.920093,0.19460744
Cell91,Group4,Batch1,-3.7853901,-0.50541687
Cell92,Group4,Batch1,-1.810705,1.7346181
Cell93,Group4,Batch1,-3.32675,0.6865071
Cell94,Group2,Batch1,8.639924,-0.83984417
Cell95,Group2,Batch1,10.56209,-1.518378
Cell96,Group4,Batch1,-1.4219084,-0.8561147
Cell97,Group2,Batch1,10.612886,-2.682843
Cell98,Group3,Batch1,-5.0877748,1.9669077
Cell99,Group2,Batch1,9.340081,-4.231803
Cell100,Group4,Batch1,-3.3475134,0.74167687
Cell101,Group4,Batch1,-1.3331263,-0.6943065
Cell102,Group4,Batch1,-4.1565685,1.5627071
Cell103,Group4,Batch1,-2.7662323,0.114403546
Cell104,Group2,Batch1,10.991507,-1.7960303
Cell105,Group2,Batch1,9.254326,-3.0424736
Cell106,Group4,Batch1,-2.5881815,-1.3295054
Cell107,Group4,Batch1,-3.9114194,-1.1506879
Cell108,Group2,Batch1,8.116956,-1.8842347
Cell109,Group3,Batch1,-5.6890492,-0.80708694
Cell110,Group4,Batch1,-3.8641841,-0.22388393
Cell111,Group4,Batch1,-2.7361119,2.0158937
Cell112,Group3,Batch1,-4.2844768,-0.428239
Cell113,Group2,Batch1,9.434767,-1.1349424
Cell114,Group1,Batch1,12.646238,13.868458
Cell115,Group2,Batch1,8.453476,-3.8714645
Cell116,Group2,Batch1,9.308133,-3.4557433
Cell117,Group2,Batch1,10.096952,-0.8350679
Cell118,Group4,Batch1,-3.7994525,2.6123097
Cell119,Group3,Batch1,-5.065588,-1.2750534
Cell120,Group4,Batch1,-3.5369508,0.87159413
Cell121,Group2,Batch1,10.356725,-2.7010932
Cell122,Group3,Batch1,-6.2263775,0.37456587
Cell123,Group2,Batch1,7.8398695,-2.4518468
Cell124,Group2,Batch1,8.531567,-3.718934
Cell125,Group2,Batch1,9.199558,-2.9633102
Cell126,Group4,Batch1,-2.8286626,0.3017207
Cell127,Group2,Batch1,10.3848095,-1.81735
Cell128,Group2,Batch1,8.7089815,-2.784353
Cell129,Group3,Batch1,-5.1502733,-0.7220243
Cell130,Group4,Batch1,-1.8475602,1.2976863
Cell131,Group2,Batch1,10.92745,-2.8327746
Cell132,Group2,Batch1,9.834918,-3.8867712
Cell133,Group1,Batch1,11.379159,13.709144
Cell134,Group2,Batch1,9.840613,-2.1742105
Cell135,Group4,Batch1,-3.873824,-0.15813059
Cell136,Group3,Batch1,-5.757052,-1.3006656
Cell137,Group4,Batch1,-2.425218,0.92900366
Cell138,Group4,Batch1,-1.8747804,0.61514777
Cell139,Group4,Batch1,-1.8912086,1.3760924
Cell140,Group3,Batch1,-5.2322984,-0.8734508
Cell141,Group3,Batch1,-6.4280715,-0.32401705
Cell142,Group3,Batch1,-6.0611525,-0.66895485
Cell143,Group4,Batch1,-1.5531604,0.8776808
Cell144,Group3,Batch1,-6.5319014,-0.70771945
Cell145,Group4,Batch1,-3.2953553,-0.045146458
Cell146,Group1,Batch1,11.809172,14.486389
Cell147,Group4,Batch1,-5.1620207,1.7760123
Cell148,Group1,Batch1,11.776356,13.387972
Cell149,Group1,Batch1,12.449829,13.943641
Cell150,Group4,Batch1,-3.9666893,0.36138484
Cell151,Group4,Batch1,-1.7145716,-1.0850129
Cell152,Group2,Batch1,9.252394,-2.4584904
Cell153,Group3,Batch1,-4.6911893,-1.4231582
Cell154,Group2,Batch1,9.287171,-2.7129798
Cell155,Group2,Batch1,8.28218,-3.34323
Cell156,Group1,Batch1,12.325662,14.553101
Cell157,Group1,Batch1,12.238761,14.236647
Cell158,Group4,Batch1,-4.602605,1.4483254
Cell159,Group3,Batch1,-3.6074786,-0.45577595
Cell160,Group2,Batch1,10.1955,-2.3204122
Cell161,Group2,Batch1,9.047878,-1.5653858
Cell162,Group4,Batch1,-1.4844573,1.1376516
Cell163,Group2,Batch1,9.226075,-1.7319621
Cell164,Group3,Batch1,-5.918435,-1.4572239
Cell165,Group3,Batch1,-3.4089646,0.21397945
Cell166,Group1,Batch1,12.671625,13.944254
Cell167,Group2,Batch1,9.932671,-2.0750606
Cell168,Group2,Batch1,8.975347,-3.9479418
Cell169,Group4,Batch1,-3.176583,2.4918497
Cell170,Group2,Batch1,10.869749,-1.8952941
Cell171,Group3,Batch1,-5.7638197,0.82299215
Cell172,Group3,Batch1,-5.0695477,-1.647134
Cell173,Group3,Batch1,-5.03837,0.4342545
Cell174,Group3,Batch1,-4.3679285,-1.5096458
Cell175,Group2,Batch1,9.752027,-0.8403926
Cell176,Group3,Batch1,-5.8247423,-1.0445065
Cell177,Group2,Batch1,9.494641,-3.669019
Cell178,Group2,Batch1,10.518999,-3.7299714
Cell179,Group4,Batch1,-2.6315513,-1.7950131
Cell180,Group4,Batch1,-3.651997,1.641401
Cell181,Group2,Batch1,9.937317,-1.8409567
Cell182,Group4,Batch1,-4.601929,1.4353658
Cell183,Group3,Batch1,-6.4693756,-0.9824821
Cell184,Group4,Batch1,-3.8862386,1.773403
Cell185,Group3,Batch1,-5.591207,-0.55030334
Cell186,Group4,Batch1,-2.5620522,-0.9921987
Cell187,Group2,Batch1,10.648486,-3.7600951
Cell188,Group3,Batch1,-5.708985,1.2377746
Cell189,Group2,Batch1,9.362622,-0.92161995
Cell190,Group2,Batch1,8.733138,-3.2446473
Cell191,Group4,Batch1,-3.1604571,0.27174023
Cell192,Group2,Batch1,9.786916,-1.0367998
Cell193,Group2,Batch1,9.089625,-2.371508
Cell194,Group4,Batch1,-2.490786,1.9434315
Cell195,Group2,Batch1,9.461568,-3.642771
Cell196,Group4,Batch1,-2.133287,0.7440696
Cell197,Group2,Batch1,10.331412,-1.4834766
Cell198,Group2,Batch1,10.127217,-1.8581755
Cell199,Group2,Batch1,9.667935,-3.605053
Cell200,Group3,Batch1,-6.293513,0.7274766
Cell201,Group4,Batch1,-3.8609524,-1.6599697
Cell202,Group4,Batch1,-3.285376,-0.20793897
Cell203,Group2,Batch1,10.549268,-3.2834826
Cell204,Group3,Batch1,-6.398494,1.2488955
Cell205,Group1,Batch1,11.704249,13.867867
Cell206,Group2,Batch1,8.619715,-3.012741
Cell207,Group4,Batch1,-1.4670744,-0.3164898
Cell208,Group3,Batch1,-5.373702,0.8949775
Cell209,Group3,Batch1,-6.976889,-0.04810072
Cell210,Group3,Batch1,-4.276723,0.95730203
Cell211,Group4,Batch1,-2.7634876,-0.954611
Cell212,Group4,Batch1,-2.7464712,-0.4991225
Cell213,Group4,Batch1,-3.7249353,-1.514032
Cell214,Group2,Batch1,9.309119,-2.0427039
Cell215,Group4,Batch1,-4.893135,0.33213586
Cell216,Group4,Batch1,-2.901649,-0.39419562
Cell217,Group2,Batch1,9.350863,-3.057628
Cell218,Group2,Batch1,11.232735,-2.880743
Cell219,Group4,Batch1,-1.8564812,0.990615
Cell220,Group2,Batch1,8.713194,-2.3623025
Cell221,Group4,Batch1,-3.741253,1.8463764
Cell222,Group2,Batch1,10.628164,-3.0638309
Cell223,Group4,Batch1,-3.630319,0.19146992
Cell224,Group4,Batch1,-3.406505,2.4368656
Cell225,Group3,Batch1,-5.475966,1.7226222
Cell226,Group4,Batch1,-2.8017275,-1.5618126
Cell227,Group4,Batch1,-3.2994905,0.18788414
Cell228,Group3,Batch1,-4.4572887,0.8310556
Cell229,Group2,Batch1,9.222447,-3.9188526
Cell230,Group4,Batch1,-2.6629074,-0.05746934
Cell231,Group4,Batch1,-2.9458637,2.5192356
Cell232,Group4,Batch1,-1.7977612,-0.6878924
Cell233,Group4,Batch1,-3.7196343,-0.011014419
Cell234,Group4,Batch1,-0.70129263,1.3349191
Cell235,Group3,Batch1,-4.1664867,-0.13411473
Cell236,Group4,Batch1,-1.9669472,0.8553107
Cell237,Group4,Batch1,-3.2823367,1.6104581
Cell238,Group2,Batch1,8.94746,-1.7617471
Cell239,Group4,Batch1,-1.4411045,-0.7612555
Cell240,Group2,Batch1,10.1359625,-1.2915499
Cell241,Group2,Batch1,10.208676,-1.6350856
Cell242,Group2,Batch1,8.720617,-2.5636792
Cell243,Group3,Batch1,-3.2893755,1.189556
Cell244,Group2,Batch1,8.928216,-0.9979195
Cell245,Group4,Batch1,-3.6951642,1.9624187
Cell246,Group3,Batch1,-4.9592524,1.9537771
Cell247,Group4,Batch1,-1.2330884,0.58049875
Cell248,Group4,Batch1,-3.1560788,1.1352254
Cell249,Group2,Batch1,9.665974,-1.4108006
Cell250,Group4,Batch1,-2.2689824,-1.0505971
Cell251,Group4,Batch1,-3.2480214,0.9406278
Cell252,Group2,Batch1,10.483999,-3.0066824
Cell253,Group4,Batch1,-0.9564175,0.38999468
Cell254,Group2,Batch1,9.200568,-3.869991
Cell255,Group4,Batch1,-1.6372273,1.7004261
Cell256,Group1,Batch1,12.119264,13.326793
Cell257,Group3,Batch1,-5.225953,0.37542605
Cell258,Group3,Batch1,-6.0234776,-0.8330082
Cell259,Group2,Batch1,7.7990365,-1.6609921
Cell260,Group2,Batch1,10.561593,-2.0972047
Cell261,Group2,Batch1,9.418246,-1.6008167
Cell262,Group4,Batch1,-3.145423,-0.13720052
Cell263,Group1,Batch1,11.581664,13.428242
Cell264,Group4,Batch1,-6.148489,1.0943975
Cell265,Group2,Batch1,8.011999,-2.2879972
Cell266,Group2,Batch1,9.141645,-3.3933473
Cell267,Group3,Batch1,-4.9589624,-0.6107643
Cell268,Group4,Batch1,-4.0390353,-0.08183238
Cell269,Group2,Batch1,10.385431,-1.7139318
Cell270,Group3,Batch1,-6.2081556,-1.2225505
Cell271,Group4,Batch1,-3.8437922,2.537647
Cell272,Group4,Batch1,-2.8775747,-0.9731382
Cell273,Group1,Batch1,12.365223,13.490964
Cell274,Group2,Batch1,7.928939,-2.6192439
Cell275,Group3,Batch1,-4.6888,-0.164111
Cell276,Group2,Batch1,10.320212,-3.2063987
Cell277,Group3,Batch1,-6.0033193,1.694037
Cell278,Group4,Batch1,-2.851529,2.1405416
Cell279,Group2,Batch1,9.3948345,-2.4092402
Cell280,Group4,Batch1,-2.4658995,0.66790026
Cell281,Group3,Batch1,-5.946545,-0.89458156
Cell282,Group3,Batch1,-4.5957203,0.98400867
Cell283,Group3,Batch1,-5.6146464,1.537157
Cell284,Group4,Batch1,-2.2773974,-1.0043097
Cell285,Group3,Batch1,-6.9433107,0.7212552
Cell286,Group3,Batch1,-5.712875,0.9239045
Cell287,Group4,Batch1,-1.270036,1.4788216
Cell288,Group4,Batch1,-2.0093281,1.7449461
Cell289,Group2,Batch1,9.517197,-0.80263793
Cell290,Group3,Batch1,-4.415591,-1.72819
Cell291,Group2,Batch1,8.851718,-0.7932731
Cell292,Group2,Batch1,8.879552,-3.398848
Cell293,Group4,Batch1,-4.1697035,-0.6136104
Cell294,Group2,Batch1,9.185966,-1.9931237
Cell295,Group3,Batch1,-5.841129,1.6304561
Cell296,Group3,Batch1,-5.3160176,-0.57351506
Cell297,Group2,Batch1,8.387666,-3.3298814
Cell298,Group2,Batch1,9.061357,-1.5742975
Cell299,Group4,Batch1,-2.066037,1.6167517
Cell300,Group4,Batch1,-2.6929758,0.9183101
Cell301,Group3,Batch1,-6.686916,-0.38145268
Cell302,Group4,Batch1,-2.3027582,0.45801753
Cell303,Group4,Batch1,-1.5004784,-0.5901737
Cell304,Group4,Batch1,-1.9418707,-0.28363407
Cell305,Group3,Batch1,-6.714695,-0.325375
Cell306,Group3,Batch1,-6.1251097,-0.6714788
Cell307,Group3,Batch1,-4.9597874,0.1917345
Cell308,Group4,Batch1,-1.5922222,-0.17929576
Cell309,Group4,Batch1,-1.0097382,-0.12042489
Cell310,Group3,Batch1,-5.3892536,-0.4788761
Cell311,Group4,Batch1,-2.5030017,0.00970509
Cell312,Group2,Batch1,8.939966,-2.7644086
Cell313,Group2,Batch1,10.208486,-1.5492121
Cell314,Group3,Batch1,-6.3453927,-0.21952908
Cell315,Group3,Batch1,-5.4229574,0.4393265
Cell316,Group4,Batch1,-1.4367069,-0.80805266
Cell317,Group4,Batch1,-1.7272878,1.1793553
Cell318,Group3,Batch1,-5.4318004,-1.6101779
Cell319,Group4,Batch1,-3.8063607,-0.87180835
Cell320,Group2,Batch1,10.19234,-2.8914602
Cell321,Group4,Batch1,-3.1474385,0.7849025
Cell322,Group4,Batch1,-1.7791655,-0.7072645
Cell323,Group3,Batch1,-3.8945112,-1.2432859
Cell324,Group2,Batch1,8.57006,-1.2513895
Cell325,Group2,Batch1,8.593769,-2.7995925
Cell326,Group3,Batch1,-6.079345,0.9236524
Cell327,Group3,Batch1,-4.1788254,0.116079934
Cell328,Group2,Batch1,10.833804,-2.6465952
Cell329,Group4,Batch1,-1.5300337,1.8582717
Cell330,Group4,Batch1,-2.2771568,0.6065249
Cell331,Group2,Batch1,7.8907013,-1.8833101
Cell332,Group4,Batch1,-2.9226737,-1.5485749
Cell333,Group2,Batch1,11.049143,-2.8819535
Cell334,Group2,Batch1,8.62703,-2.1348608
Cell335,Group2,Batch1,9.434406,-3.634501
Cell336,Group1,Batch1,12.450345,13.727031
Cell337,Group4,Batch1,-1.7475637,1.6759747
Cell338,Group4,Batch1,-2.6772823,-0.9298201
Cell339,Group3,Batch1,-6.183758,0.5650111
Cell340,Group4,Batch1,-3.4708626,-0.4428999
Cell341,Group2,Batch1,9.7233095,-0.7717111
Cell342,Group1,Batch1,11.474531,14.176161
Cell343,Group2,Batch1,9.899694,-2.4634259
Cell344,Group2,Batch1,8.650926,-3.8484473
Cell345,Group4,Batch1,-4.864316,2.288888
Cell346,Group4,Batch1,-4.0647573,0.3681651
Cell347,Group4,Batch1,-3.617265,0.03812016
Cell348,Group4,Batch1,-4.1105385,0.3893225
Cell349,Group4,Batch1,-3.3310373,0.44674936
Cell350,Group3,Batch1,-4.9779234,0.16460666
Cell351,Group2,Batch1,8.001567,-1.8034256
Cell352,Group3,Batch1,-6.097506,-1.0024961
Cell353,Group4,Batch1,-3.3435066,1.3099123
Cell354,Group4,Batch1,-1.1371436,0.23659202
Cell355,Group4,Batch1,-3.8469641,1.2877538
Cell356,Group2,Batch1,8.370107,-1.7186577
Cell357,Group2,Batch1,10.655558,-3.0917964
Cell358,Group2,Batch1,8.871415,-4.217715
Cell359,Group1,Batch1,12.136952,13.772592
Cell360,Group4,Batch1,-1.9764479,-0.0038694562
Cell361,Group4,Batch1,-2.6750782,-1.1609647
Cell362,Group4,Batch1,-3.0994542,-0.644795
Cell363,Group4,Batch1,-2.4642634,0.7772262
Cell364,Group3,Batch1,-6.038547,0.43101975
Cell365,Group4,Batch1,-1.1284217,-0.51805925
Cell366,Group2,Batch1,10.781526,-2.735629
Cell367,Group4,Batch1,-2.661792,0.24955693
Cell368,Group4,Batch1,-2.305953,-0.7963051
Cell369,Group2,Batch1,9.982467,-2.0362136
Cell370,Group2,Batch1,8.7864685,-2.4122324
Cell371,Group4,Batch1,-2.9460244,-1.361595
Cell372,Group4,Batch1,-2.1729743,0.46905822
Cell373,Group1,Batch1,11.583787,14.315314
Cell374,Group4,Batch1,-2.8938448,2.3869467
Cell375,Group4,Batch1,-1.79804,2.1809168
Cell376,Group2,Batch1,9.757251,-1.8179204
Cell377,Group2,Batch1,9.934505,-3.0194688
Cell378,Group4,Batch1,-3.3029947,2.7913017
Cell379,Group3,Batch1,-4.4041095,0.21310721
Cell380,Group2,Batch1,10.990258,-2.7055273
Cell381,Group4,Batch1,-3.1070638,2.5564897
Cell382,Group1,Batch1,11.813378,14.353488
Cell383,Group3,Batch1,-4.1655755,0.7003211
Cell384,Group3,Batch1,-5.653047,1.6339313
Cell385,Group4,Batch1,-1.1792988,0.21292348
Cell386,Group2,Batch1,7.766633,-2.1063752
Cell387,Group2,Batch1,10.689886,-1.4316106
Cell388,Group4,Batch1,-2.2986417,2.0059094
Cell389,Group4,Batch1,-4.6913075,-0.8715783
Cell390,Group1,Batch1,12.498463,13.192148
Cell391,Group4,Batch1,-4.8821077,2.022766
Cell392,Group2,Batch1,8.72711,-2.3845809
Cell393,Group2,Batch1,9.679452,-4.041775
Cell394,Group4,Batch1,-2.291536,-0.5494458
Cell395,Group4,Batch1,-2.4583495,-0.14601955
Cell396,Group3,Batch1,-5.6363115,1.081783
Cell397,Group4,Batch1,-1.0165551,-0.6585014
Cell398,Group4,Batch1,-2.480351,-1.0525403
Cell399,Group2,Batch1,8.913014,-3.9792612
Cell400,Group4,Batch1,-2.7775857,-1.3826028
Cell401,Group3,Batch1,-5.5353827,-0.22068015
Cell402,Group3,Batch1,-5.319796,1.9137022
Cell403,Group2,Batch1,9.797651,-3.062377
Cell404,Group2,Batch1,8.890883,-3.2392342
Cell405,Group3,Batch1,-5.477754,-0.38041028
Cell406,Group4,Batch1,-4.2140465,0.598994
Cell407,Group2,Batch1,9.416403,-4.063298
Cell408,Group2,Batch1,7.9832125,-2.8710876
Cell409,Group3,Batch1,-4.7254243,-0.25968984
Cell410,Group4,Batch1,-2.7010322,-0.8326623
Cell411,Group2,Batch1,7.9773006,-2.546905
Cell412,Group3,Batch1,-6.0506325,0.7820596
Cell413,Group3,Batch1,-5.3273582,1.9339057
Cell414,Group2,Batch1,10.246324,-2.5283763
Cell415,Group3,Batch1,-5.8598733,0.49705467
Cell416,Group2,Batch1,8.686859,-1.7882321
Cell417,Group4,Batch1,-2.1828144,-1.4231391
Cell418,Group4,Batch1,-1.0537597,0.19952916
Cell419,Group3,Batch1,-4.523747,-0.76099294
Cell420,Group4,Batch1,-1.4795966,1.9234341
Cell421,Group3,Batch1,-3.5920556,-1.2783877
Cell422,Group4,Batch1,-3.2708206,-1.2203171
Cell423,Group3,Batch1,-1.7482386,-1.1294328
Cell424,Group2,Batch1,9.763686,-1.5322379
Cell425,Group4,Batch1,-0.6410957,0.13824017
Cell426,Group2,Batch1,8.676266,-1.3101814
Cell427,Group2,Batch1,10.73325,-2.6325474
Cell428,Group3,Batch1,-5.5744567,0.7163893
Cell429,Group3,Batch1,-4.6454835,-0.88196456
Cell430,Group1,Batch1,11.306853,13.986411
Cell431,Group3,Batch1,-4.7122784,-1.530309
Cell432,Group4,Batch1,-2.2584474,-1.2769967
Cell433,Group4,Batch1,-1.7055078,1.3548003
Cell434,Group4,Batch1,-1.9638875,0.0052692452
Cell435,Group2,Batch1,9.697755,-1.3776394
Cell436,Group3,Batch1,-5.594125,-0.49667978
Cell437,Group4,Batch1,-1.0218171,1.0362419
Cell438,Group2,Batch1,11.059421,-3.1059415
Cell439,Group1,Batch1,12.667809,14.083458
Cell440,Group3,Batch1,-5.119568,0.12567542
Cell441,Group3,Batch1,-4.4238753,-0.48643044
Cell442,Group3,Batch1,-3.9960718,1.1626165
Cell443,Group4,Batch1,-3.6773863,-0.13007276
Cell444,Group4,Batch1,-0.80951947,0.32018942
Cell445,Group4,Batch1,-3.8941128,1.7078272
Cell446,Group3,Batch1,-3.3548658,1.5034591
Cell447,Group2,Batch1,9.31801,-1.7376369
Cell448,Group4,Batch1,-1.9554074,-0.13339333
Cell449,Group4,Batch1,-2.0016959,1.2653207
Cell450,Group3,Batch1,-5.9563055,0.12842403
Cell451,Group4,Batch1,-4.010896,-1.1732892
Cell452,Group3,Batch1,-5.54298,-1.7646043
Cell453,Group2,Batch1,8.690119,-2.9874983
Cell454,Group2,Batch1,8.899799,-2.8375578
Cell455,Group4,Batch1,-5.615128,1.5497235
Cell456,Group3,Batch1,-4.454688,0.49768206
Cell457,Group1,Batch1,12.284672,14.11853
Cell458,Group4,Batch1,-3.44769,-1.6492373
Cell459,Group4,Batch1,-3.7125056,2.6179633
Cell460,Group4,Batch1,-3.7605286,2.1755674
Cell461,Group4,Batch1,-1.7895205,-1.2401191
Cell462,Group4,Batch1,-1.6037875,0.64329576
Cell463,Group4,Batch1,-2.4079998,-0.2548301
Cell464,Group1,Batch1,11.907904,13.620003
Cell465,Group4,Batch1,-2.2709076,0.29420173
Cell466,Group3,Batch1,-2.6203613,0.17307591
Cell467,Group4,Batch1,-2.5903509,-1.3591101
Cell468,Group4,Batch1,-3.4497538,0.90729433
Cell469,Group4,Batch1,-1.9639385,1.2566679
Cell470,Group3,Batch1,-4.5921416,1.0375493
Cell471,Group3,Batch1,-6.77223,0.3693784
Cell472,Group2,Batch1,8.089978,-2.5199838
Cell473,Group3,Batch1,-6.3724957,1.2730703
Cell474,Group3,Batch1,-4.8826976,-0.010941688
Cell475,Group3,Batch1,-5.521897,0.9977778
Cell476,Group4,Batch1,-2.46074,-1.1075517
Cell477,Group4,Batch1,-2.9460206,2.3045409
Cell478,Group2,Batch1,9.800495,-2.0845933
Cell479,Group3,Batch1,-4.683595,-0.43987957
Cell480,Group4,Batch1,-4.023051,0.3040861
Cell481,Group4,Batch1,-3.537751,1.9553745
Cell482,Group2,Batch1,8.163141,-1.9266562
Cell483,Group3,Batch1,-6.8134837,0.04687436
Cell484,Group4,Batch1,-2.5083635,1.2144717
Cell485,Group4,Batch1,-3.1425512,-0.25169587
Cell486,Group3,Batch1,-4.186502,1.188497
Cell487,Group3,Batch1,-4.65475,0.32764313
Cell488,Group4,Batch1,-3.0770898,1.6622376
Cell489,Group2,Batch1,10.478898,-2.4722748
Cell490,Group3,Batch1,-6.03465,0.6222342
Cell491,Group2,Batch1,9.501532,-1.4962734
Cell492,Group4,Batch1,-1.6588516,-0.21456717
Cell493,Group3,Batch1,-6.189534,0.43520233
Cell494,Group1,Batch1,12.092323,14.318066
Cell495,Group3,Batch1,-4.710412,-1.1921034
Cell496,Group4,Batch1,-3.074477,1.4202787
Cell497,Group2,Batch1,9.168524,-3.0612037
Cell498,Group2,Batch1,9.778395,-2.394849
Cell499,Group4,Batch1,-3.7663164,0.34916574
Cell500,Group2,Batch1,10.579828,-1.8721353
Cell501,Group2,Batch2,8.0343895,-2.0868654
Cell502,Group4,Batch2,-2.930565,1.5492908
Cell503,Group2,Batch2,7.66811,-2.6143875
Cell504,Group4,Batch2,-2.0934677,1.729406
Cell505,Group4,Batch2,-2.8824584,0.8702442
Cell506,Group2,Batch2,9.45292,-0.75882137
Cell507,Group4,Batch2,-1.9524277,1.1183978
Cell508,Group3,Batch2,-4.7777033,1.6666402
Cell509,Group3,Batch2,-5.747491,1.8616632
Cell510,Group4,Batch2,-2.177007,0.20827919
Cell511,Group3,Batch2,-4.585963,0.93443435
Cell512,Group2,Batch2,10.942187,-3.0353343
Cell513,Group4,Batch2,-2.7290583,2.515834
Cell514,Group4,Batch2,-2.700307,-1.4214506
Cell515,Group2,Batch2,9.280817,-3.8115165
Cell516,Group2,Batch2,9.553146,-2.249143
Cell517,Group4,Batch2,-3.8430448,1.654798
Cell518,Group2,Batch2,8.674919,-3.0174544
Cell519,Group3,Batch2,-6.5781565,0.91912
Cell520,Group4,Batch2,-2.9165506,-1.2863103
Cell521,Group4,Batch2,-2.711206,0.3313687
Cell522,Group4,Batch2,-2.5598693,-1.1257156
Cell523,Group4,Batch2,-1.6381584,0.61857206
Cell524,Group2,Batch2,8.348305,-1.5799264
Cell525,Group2,Batch2,9.15836,-3.6478484
Cell526,Group3,Batch2,-4.9795957,-0.2605345
Cell527,Group1,Batch2,12.638967,13.938894
Cell528,Group3,Batch2,-4.629872,0.6164847
Cell529,Group2,Batch2,8.42525,-1.8403677
Cell530,Group4,Batch2,-1.7943764,-0.34859332
Cell531,Group3,Batch2,-4.985138,1.8718363
Cell532,Group4,Batch2,-4.0092483,1.1806462
Cell533,Group1,Batch2,12.048353,14.374622
Cell534,Group4,Batch2,-1.5683646,0.92880803
Cell535,Group4,Batch2,-1.7257253,0.84235996
Cell536,Group1,Batch2,12.542016,14.16894
Cell537,Group2,Batch2,9.058859,-1.8229169
Cell538,Group3,Batch2,-4.5239415,-0.35695237
Cell539,Group4,Batch2,-2.6859813,-0.42249566
Cell540,Group4,Batch2,-3.0971935,1.6462694
Cell541,Group4,Batch2,-2.4969103,0.50596607
Cell542,Group4,Batch2,-3.9734428,1.9063487
Cell543,Group4,Batch2,-4.4138145,2.1963663
Cell544,Group2,Batch2,10.218013,-2.4963975
Cell545,Group4,Batch2,-2.6651213,0.75224906
Cell546,Group4,Batch2,-2.2801118,1.522649
Cell547,Group2,Batch2,8.605252,-2.481682
Cell548,Group4,Batch2,-2.7190154,0.6078327
Cell549,Group2,Batch2,10.622468,-2.5405931
Cell550,Group1,Batch2,11.214663,14.300436
Cell551,Group3,Batch2,-4.4257913,0.19489376
Cell552,Group3,Batch2,-5.9489913,-0.910636
Cell553,Group3,Batch2,-5.575371,1.164333
Cell554,Group2,Batch2,10.717049,-1.6917692
Cell555,Group2,Batch2,7.851329,-1.7866163
Cell556,Group4,Batch2,-3.929003,-0.22222891
Cell557,Group4,Batch2,-3.061745,1.5528784
Cell558,Group3,Batch2,-6.752926,0.9078408
Cell559,Group3,Batch2,-5.4860935,-1.4798462
Cell560,Group2,Batch2,8.991163,-2.3202791
Cell561,Group3,Batch2,-6.5085745,0.7766798
Cell562,Group4,Batch2,-3.7075932,-0.9545799
Cell563,Group3,Batch2,-5.374096,-0.07967699
Cell564,Group4,Batch2,-2.6264462,-0.67659026
Cell565,Group3,Batch2,-4.7595806,-0.5903841
Cell566,Group2,Batch2,9.456535,-3.0919445
Cell567,Group1,Batch2,11.6733465,13.7846985
Cell568,Group2,Batch2,9.323417,-4.1499476
Cell569,Group4,Batch2,-2.7209246,-0.89653784
Cell570,Group4,Batch2,-4.699275,1.1775224
Cell571,Group4,Batch2,-3.9919288,0.19283369
Cell572,Group3,Batch2,-3.5198035,-0.118687235
Cell573,Group4,Batch2,-3.2706807,2.403034
Cell574,Group4,Batch2,-1.6264068,-0.9062469
Cell575,Group3,Batch2,-6.7455015,0.7125169
Cell576,Group4,Batch2,-2.5850396,-0.36351836
Cell577,Group4,Batch2,-1.2638521,1.519618
Cell578,Group4,Batch2,-2.6163492,0.9570886
Cell579,Group3,Batch2,-6.269762,0.1835369
Cell580,Group2,Batch2,9.675881,-2.7023447
Cell581,Group4,Batch2,-1.8450333,-0.5058107
Cell582,Group1,Batch2,12.19487,14.285775
Cell583,Group4,Batch2,-2.8248003,0.8442898
Cell584,Group2,Batch2,7.7123203,-2.9398873
Cell585,Group2,Batch2,7.9850035,-2.308991
Cell586,Group4,Batch2,-4.0780993,-1.3201095
Cell587,Group2,Batch2,9.257939,-1.3114836
Cell588,Group4,Batch2,-3.0867665,1.721845
Cell589,Group3,Batch2,-6.295449,0.46854436
Cell590,Group3,Batch2,-4.5186777,-1.5840164
Cell591,Group2,Batch2,9.778996,-2.0896325
Cell592,Group4,Batch2,-2.2996368,1.5104783
Cell593,Group2,Batch2,10.921944,-2.468497
Cell594,Group4,Batch2,-2.1642559,-1.1454716
Cell595,Group3,Batch2,-5.3993917,0.693686
Cell596,Group3,Batch2,-6.7629313,0.28694546
Cell597,Group4,Batch2,-2.0798655,-0.51827556
Cell598,Group4,Batch2,-3.685744,-1.3959515
Cell599,Group4,Batch2,-1.5011698,1.0623732
Cell600,Group2,Batch2,8.476819,-3.4933128
Cell601,Group4,Batch2,-2.0496945,-0.12520011
Cell602,Group4,Batch2,-1.6341043,0.7744715
Cell603,Group3,Batch2,-5.42194,-1.2078074
Cell604,Group1,Batch2,11.930256,13.746513
Cell605,Group3,Batch2,-5.363168,-0.308049
Cell606,Group2,Batch2,9.489096,-2.9686372
Cell607,Group2,Batch2,8.376508,-2.2405124
Cell608,Group2,Batch2,10.128873,-2.2677007
Cell609,Group4,Batch2,-3.6281927,-1.00411
Cell610,Group1,Batch2,12.225668,13.184718
Cell611,Group4,Batch2,-2.7829814,1.8311791
Cell612,Group2,Batch2,10.502913,-2.3314009
Cell613,Group3,Batch2,-5.8780084,1.3601071
Cell614,Group2,Batch2,10.129137,-1.2085048
Cell615,Group3,Batch2,-5.939335,1.3532312
Cell616,Group1,Batch2,12.3467655,14.648663
Cell617,Group2,Batch2,8.854634,-1.1541735
Cell618,Group2,Batch2,10.274759,-3.2324665
Cell619,Group3,Batch2,-5.24624,0.68331337
Cell620,Group2,Batch2,9.91233,-1.7330465
Cell621,Group4,Batch2,-2.2443125,1.416496
Cell622,Group4,Batch2,-4.2159286,-0.9670345
Cell623,Group2,Batch2,9.151504,-3.206308
Cell624,Group2,Batch2,9.028146,-0.70315117
Cell625,Group3,Batch2,-5.1518874,-1.525615
Cell626,Group1,Batch2,12.432434,14.298992
Cell627,Group2,Batch2,10.000636,-1.9635922
Cell628,Group4,Batch2,-1.8329126,2.6654599
Cell629,Group4,Batch2,-3.0916755,-1.1438575
Cell630,Group2,Batch2,10.047344,-1.2696493
Cell631,Group2,Batch2,10.242112,-3.2982616
Cell632,Group2,Batch2,8.507451,-1.5468372
Cell633,Group3,Batch2,-4.940619,-1.4961514
Cell634,Group2,Batch2,9.193688,-2.5056627
Cell635,Group2,Batch2,10.058739,-3.4368174
Cell636,Group2,Batch2,8.863213,-3.9265995
Cell637,Group3,Batch2,-4.6396656,-0.32078767
Cell638,Group4,Batch2,-1.8438001,0.21020271
Cell639,Group2,Batch2,10.033742,-3.6495805
Cell640,Group3,Batch2,-5.685384,0.77314895
Cell641,Group4,Batch2,-1.4503922,1.3589563
Cell642,Group4,Batch2,-2.3281977,-0.2387284
Cell643,Group3,Batch2,-2.3417017,-0.35330826
Cell644,Group4,Batch2,-3.6373823,-0.8984427
Cell645,Group2,Batch2,8.676313,-2.8850896
Cell646,Group4,Batch2,-2.6471581,1.5367208
Cell647,Group4,Batch2,-1.3824713,-0.21669275
Cell648,Group2,Batch2,9.885507,-1.6652758
Cell649,Group4,Batch2,-4.2411714,2.27615
Cell650,Group4,Batch2,-3.082837,-0.11452065
Cell651,Group2,Batch2,9.864851,-4.266551
Cell652,Group4,Batch2,-4.0390787,-0.18046291
Cell653,Group2,Batch2,8.360786,-1.7621202
Cell654,Group4,Batch2,-4.9171677,1.5282805
Cell655,Group1,Batch2,11.330812,14.354317
Cell656,Group4,Batch2,-3.1737933,0.6347401
Cell657,Group4,Batch2,-2.5385716,0.29626134
Cell658,Group3,Batch2,-5.912509,-0.24365543
Cell659,Group3,Batch2,-4.719569,-1.0706872
Cell660,Group4,Batch2,-2.6247587,-1.4912359
Cell661,Group4,Batch2,-2.1729193,-0.6346508
Cell662,Group4,Batch2,-3.730978,1.2079186
Cell663,Group4,Batch2,-1.5771065,-0.45383596
Cell664,Group3,Batch2,-5.085513,1.6005362
Cell665,Group2,Batch2,8.030855,-2.349535
Cell666,Group4,Batch2,-3.1004677,2.4341109
Cell667,Group4,Batch2,-1.1685591,0.58300745
Cell668,Group2,Batch2,9.035289,-3.9169827
Cell669,Group2,Batch2,9.999111,-1.5465517
Cell670,Group2,Batch2,10.106027,-1.0097235
Cell671,Group2,Batch2,8.537288,-2.8517025
Cell672,Group3,Batch2,-5.686412,0.93954957
Cell673,Group3,Batch2,-4.950911,1.2078159
Cell674,Group2,Batch2,8.693779,-1.4423602
Cell675,Group4,Batch2,-3.0770671,1.7204221
Cell676,Group3,Batch2,-4.8707643,0.42252094
Cell677,Group3,Batch2,-6.1886907,0.9929432
Cell678,Group4,Batch2,-1.4060359,0.9186172
Cell679,Group4,Batch2,-2.6906347,-0.25915185
Cell680,Group2,Batch2,10.025137,-3.460322
Cell681,Group4,Batch2,-3.9352472,2.1773133
Cell682,Group4,Batch2,-3.360137,-1.6425192
Cell683,Group4,Batch2,-0.9229327,0.10378696
Cell684,Group2,Batch2,10.197784,-3.550296
Cell685,Group4,Batch2,-1.4361856,-0.87439233
Cell686,Group4,Batch2,-2.6701145,1.6308633
Cell687,Group2,Batch2,8.230593,-1.4166815
Cell688,Group2,Batch2,10.589009,-3.710467
Cell689,Group3,Batch2,-5.8066387,0.15529075
Cell690,Group2,Batch2,10.873093,-2.6916094
Cell691,Group1,Batch2,11.945851,14.091738
Cell692,Group4,Batch2,-3.5737233,1.2681482
Cell693,Group4,Batch2,-4.048538,-0.9099989
Cell694,Group1,Batch2,11.754028,13.506064
Cell695,Group2,Batch2,9.714229,-4.208574
Cell696,Group4,Batch2,-2.716041,2.0621495
Cell697,Group2,Batch2,8.9425955,-1.167159
Cell698,Group4,Batch2,-3.7795632,0.6199774
Cell699,Group2,Batch2,8.7655,-0.9443543
Cell700,Group4,Batch2,-2.8296907,-1.2094163
Cell701,Group4,Batch2,-1.4692521,0.88951916
Cell702,Group2,Batch2,10.714338,-2.3916295
Cell703,Group4,Batch2,-4.2649255,-0.045565777
Cell704,Group4,Batch2,-1.6764202,2.3765433
Cell705,Group2,Batch2,8.837582,-2.8340309
Cell706,Group3,Batch2,-4.6576815,1.5789881
Cell707,Group3,Batch2,-5.4301,-0.6052869
Cell708,Group4,Batch2,-1.7792654,-0.9768755
Cell709,Group1,Batch2,11.677294,14.260697
Cell710,Group2,Batch2,9.040216,-1.7363254
Cell711,Group4,Batch2,-2.324561,-0.74142265
Cell712,Group4,Batch2,-3.8104703,2.338461
Cell713,Group3,Batch2,-5.315178,-0.0604379
Cell714,Group4,Batch2,-4.3643126,-0.2302262
Cell715,Group4,Batch2,-3.882851,-0.3060128
Cell716,Group4,Batch2,-1.2740272,1.6276466
Cell717,Group4,Batch2,-4.640847,2.2047892
Cell718,Group2,Batch2,9.167505,-2.615921
Cell719,Group2,Batch2,10.787097,-3.6723638
Cell720,Group4,Batch2,-2.065663,-0.34216756
Cell721,Group1,Batch2,12.662281,14.199999
Cell722,Group4,Batch2,-3.1753237,2.2861817
Cell723,Group3,Batch2,-5.8025217,1.1052874
Cell724,Group2,Batch2,10.302089,-2.2221942
Cell725,Group2,Batch2,8.675961,-2.9565208
Cell726,Group3,Batch2,-6.8647714,-0.35393104
Cell727,Group4,Batch2,-3.5493171,1.6845747
Cell728,Group4,Batch2,-3.6122048,1.6894093
Cell729,Group4,Batch2,-2.7506773,0.2966001
Cell730,Group3,Batch2,-5.7312117,-1.5207539
Cell731,Group4,Batch2,-3.3737416,1.3667488
Cell732,Group2,Batch2,10.158058,-2.6093633
Cell733,Group2,Batch2,9.252178,-1.1982974
Cell734,Group2,Batch2,8.681274,-2.7210214
Cell735,Group4,Batch2,-2.3653097,2.0836487
Cell736,Group2,Batch2,10.097838,-2.2203074
Cell737,Group3,Batch2,-6.560601,0.34804374
Cell738,Group4,Batch2,-1.822084,0.8883008
Cell739,Group2,Batch2,9.396083,-2.1315818
Cell740,Group2,Batch2,8.110906,-3.4823918
Cell741,Group3,Batch2,-5.23247,0.39999917
Cell742,Group4,Batch2,-2.7502952,1.0128758
Cell743,Group3,Batch2,-6.48047,-0.11999284
Cell744,Group3,Batch2,-4.9280314,0.3793439
Cell745,Group2,Batch2,10.135548,-1.0594771
Cell746,Group4,Batch2,-1.1400881,1.534001
Cell747,Group3,Batch2,-5.3896103,-1.2956369
Cell748,Group3,Batch2,-6.334286,0.04156543
Cell749,Group2,Batch2,8.45542,-1.073758
Cell750,Group4,Batch2,-3.5349586,0.68598837
Cell751,Group4,Batch2,-4.040128,2.3649595
Cell752,Group3,Batch2,-6.365187,0.5522505
Cell753,Group2,Batch2,8.515783,-2.085406
Cell754,Group2,Batch2,10.837092,-1.8272364
Cell755,Group3,Batch2,-5.7902226,0.8718084
Cell756,Group4,Batch2,-3.1543639,-0.70850754
Cell757,Group3,Batch2,-5.4550385,1.1913226
Cell758,Group4,Batch2,-3.4898655,-0.022219034
Cell759,Group2,Batch2,8.351531,-3.7520776
Cell760,Group3,Batch2,-5.9364805,1.4912071
Cell761,Group2,Batch2,8.011112,-2.4280822
Cell762,Group4,Batch2,-4.1326528,1.1637042
Cell763,Group4,Batch2,-4.1133423,0.63035893
Cell764,Group4,Batch2,-2.7133827,1.1890106
Cell765,Group2,Batch2,9.310294,-1.0949421
Cell766,Group2,Batch2,9.783375,-1.8796372
Cell767,Group1,Batch2,12.006989,13.646155
Cell768,Group1,Batch2,12.045865,13.598958
Cell769,Group3,Batch2,-4.9153843,-0.04717248
Cell770,Group4,Batch2,-2.8870642,0.86564666
Cell771,Group4,Batch2,-1.1039422,1.4127836
Cell772,Group3,Batch2,-4.373351,0.9812131
Cell773,Group3,Batch2,-5.9706864,0.093923226
Cell774,Group2,Batch2,8.060955,-1.739395
Cell775,Group3,Batch2,-6.6033225,-0.12312796
Cell776,Group4,Batch2,-2.8749223,-0.8331395
Cell777,Group3,Batch2,-6.5866246,-0.806082
Cell778,Group4,Batch2,-1.9896857,1.8506306
Cell779,Group2,Batch2,8.249278,-2.7691803
Cell780,Group3,Batch2,-5.720462,0.6145131
Cell781,Group4,Batch2,-2.5126665,2.1423657
Cell782,Group4,Batch2,-2.3472266,1.1052634
Cell783,Group1,Batch2,11.44633,13.522153
Cell784,Group3,Batch2,-5.6025367,-1.2582724
Cell785,Group4,Batch2,-2.6090336,0.35594365
Cell786,Group3,Batch2,-6.70676,-0.7541722
Cell787,Group1,Batch2,12.015929,14.68713
Cell788,Group2,Batch2,10.6770735,-2.3921773
Cell789,Group2,Batch2,9.3526,-3.526227
Cell790,Group1,Batch2,11.798201,14.666157
Cell791,Group3,Batch2,-5.6156697,-0.5925451
Cell792,Group3,Batch2,-5.745235,-0.7038506
Cell793,Group4,Batch2,-3.4822335,-0.8706123
Cell794,Group2,Batch2,9.85245,-3.3945088
Cell795,Group4,Batch2,-3.2390459,0.5876634
Cell796,Group3,Batch2,-4.784762,1.3368412
Cell797,Group4,Batch2,-4.094776,0.017574046
Cell798,Group2,Batch2,10.63664,-3.1239023
Cell799,Group4,Batch2,-2.792542,1.4926302
Cell800,Group3,Batch2,-5.4719996,1.2389559
Cell801,Group3,Batch2,-6.4444733,0.011057528
Cell802,Group1,Batch2,11.843827,14.940438
Cell803,Group4,Batch2,-2.0891833,-1.0026346
Cell804,Group2,Batch2,8.443593,-2.1220064
Cell805,Group4,Batch2,-2.5452886,-1.8358566
Cell806,Group2,Batch2,9.971287,-3.4164891
Cell807,Group2,Batch2,9.078591,-3.8182473
Cell808,Group3,Batch2,-5.684732,-1.055928
Cell809,Group3,Batch2,-5.7006884,-1.1404264
Cell810,Group4,Batch2,-1.8870738,0.9027788
Cell811,Group4,Batch2,-1.5390533,1.0362978
Cell812,Group4,Batch2,-2.463578,1.7172245
Cell813,Group2,Batch2,8.37571,-1.6471496
Cell814,Group4,Batch2,-1.8563876,-1.0255318
Cell815,Group4,Batch2,-3.251442,0.92291665
Cell816,Group4,Batch2,-2.6416385,-0.33958986
Cell817,Group2,Batch2,9.394935,-2.6275048
Cell818,Group4,Batch2,-2.230121,0.19308025
Cell819,Group1,Batch2,12.285024,13.927917
Cell820,Group3,Batch2,-6.399638,0.61987734
Cell821,Group2,Batch2,8.411084,-1.9583626
Cell822,Group2,Batch2,8.960242,-2.305238
Cell823,Group3,Batch2,-5.1826086,0.05356823
Cell824,Group2,Batch2,8.114022,-3.489561
Cell825,Group3,Batch2,-5.1051397,0.6742179
Cell826,Group4,Batch2,-2.5727015,1.3073868
Cell827,Group3,Batch2,-5.3787737,1.6271473
Cell828,Group4,Batch2,-3.3446763,1.6663597
Cell829,Group4,Batch2,-4.338209,0.7287179
Cell830,Group4,Batch2,-1.7710764,0.48122317
Cell831,Group2,Batch2,8.4732065,-1.7918389
Cell832,Group4,Batch2,-1.8210235,-0.6105061
Cell833,Group1,Batch2,11.764977,14.110626
Cell834,Group4,Batch2,-2.7214954,1.0729998
Cell835,Group4,Batch2,-3.9628952,0.78067213
Cell836,Group3,Batch2,-3.424856,0.19862697
Cell837,Group1,Batch2,12.380266,13.662325
Cell838,Group4,Batch2,-3.2866268,-1.2123418
Cell839,Group4,Batch2,-1.0264542,0.7384914
Cell840,Group2,Batch2,8.3910885,-3.2042952
Cell841,Group4,Batch2,-1.5316615,-0.041224957
Cell842,Group3,Batch2,-5.678936,1.7961044
Cell843,Group3,Batch2,-4.758882,-1.6884568
Cell844,Group4,Batch2,-3.37951,0.07406341
Cell845,Group4,Batch2,-2.4311814,-1.2085596
Cell846,Group2,Batch2,7.8849297,-2.478628
Cell847,Group1,Batch2,12.197617,14.253959
Cell848,Group3,Batch2,-5.019857,1.0188988
Cell849,Group2,Batch2,9.697672,-1.4465253
Cell850,Group4,Batch2,-2.1182792,-1.6719812
Cell851,Group4,Batch2,-1.8632116,-0.89314836
Cell852,Group4,Batch2,-3.1689289,0.2590872
Cell853,Group4,Batch2,-3.365595,1.8211432
Cell854,Group4,Batch2,-3.7054737,-0.14366868
Cell855,Group3,Batch2,-4.916666,0.21655415
Cell856,Group4,Batch2,-3.2963295,0.81518614
Cell857,Group3,Batch2,-5.2002025,1.2619163
Cell858,Group4,Batch2,-2.603311,0.16144502
Cell859,Group4,Batch2,-2.1028628,1.1082745
Cell860,Group4,Batch2,-3.788215,2.6171453
Cell861,Group3,Batch2,-4.2384424,1.74373
Cell862,Group1,Batch2,11.547793,13.875563
Cell863,Group2,Batch2,8.689866,-2.796764
Cell864,Group4,Batch2,-2.5985777,1.5380516
Cell865,Group2,Batch2,9.464636,-2.768794
Cell866,Group2,Batch2,10.960322,-2.7328694
Cell867,Group3,Batch2,-4.6966476,0.65075004
Cell868,Group3,Batch2,-5.684317,-0.46447065
Cell869,Group3,Batch2,-5.020541,-0.18969426
Cell870,Group4,Batch2,-1.8868017,-1.0497595
Cell871,Group4,Batch2,-2.8848748,0.7362108
Cell872,Group2,Batch2,8.937404,-3.0544918
Cell873,Group4,Batch2,-3.092243,-1.5035114
Cell874,Group4,Batch2,-3.2451448,1.3943492
Cell875,Group4,Batch2,-2.9152434,-0.80478644
Cell876,Group4,Batch2,-4.3600597,2.1724205
Cell877,Group2,Batch2,9.236862,-1.4866326
Cell878,Group2,Batch2,10.671758,-2.3282688
Cell879,Group4,Batch2,-2.0850184,0.5921956
Cell880,Group3,Batch2,-5.2467136,-0.25422347
Cell881,Group2,Batch2,10.11366,-1.6391184
Cell882,Group4,Batch2,-3.5303571,1.1478548
Cell883,Group2,Batch2,9.322026,-2.9144638
Cell884,Group4,Batch2,-3.7595549,-0.58679926
Cell885,Group3,Batch2,-5.5108976,0.30785158
Cell886,Group4,Batch2,-2.123999,-0.7310775
Cell887,Group4,Batch2,-4.317593,1.4948086
Cell888,Group3,Batch2,-5.8864517,0.5491522
Cell889,Group2,Batch2,10.686792,-1.454035
Cell890,Group3,Batch2,-6.6274734,-0.108884096
Cell891,Group4,Batch2,-3.735744,1.5193955
Cell892,Group4,Batch2,-2.641823,0.81093776
Cell893,Group2,Batch2,10.681079,-2.2587416
Cell894,Group4,Batch2,-3.1412761,0.95428085
Cell895,Group1,Batch2,12.257154,13.851834
Cell896,Group4,Batch2,-3.828358,1.4799224
Cell897,Group4,Batch2,-1.8540484,0.2060801
Cell898,Group4,Batch2,-1.6251403,1.2945051
Cell899,Group3,Batch2,-6.433455,0.478604
Cell900,Group4,Batch2,-2.4745414,0.04984524
Cell901,Group3,Batch2,-4.09278,-0.80164963
Cell902,Group2,Batch2,10.390299,-2.4895954
Cell903,Group3,Batch2,-5.832694,-0.20437948
Cell904,Group4,Batch2,-3.0924141,2.4186995
Cell905,Group3,Batch2,-5.8868337,-1.3597932
Cell906,Group2,Batch2,8.231884,-2.2313614
Cell907,Group1,Batch2,12.527792,13.387078
Cell908,Group4,Batch2,-1.9838656,1.0264815
Cell909,Group4,Batch2,-2.6303525,-0.7999242
Cell910,Group2,Batch2,8.663506,-2.5395977
Cell911,Group4,Batch2,-3.9259007,1.5130358
Cell912,Group4,Batch2,-3.2994468,0.42206934
Cell913,Group2,Batch2,9.898349,-3.6462367
Cell914,Group2,Batch2,8.824843,-1.7960403
Cell915,Group2,Batch2,9.166239,-2.2857409
Cell916,Group4,Batch2,-3.1808019,-0.12796864
Cell917,Group4,Batch2,-2.3427851,2.1073909
Cell918,Group2,Batch2,9.377523,-0.848669
Cell919,Group4,Batch2,-1.443796,0.30713135
Cell920,Group4,Batch2,-3.352709,-0.26605114
Cell921,Group4,Batch2,-1.0552133,1.1346853
Cell922,Group4,Batch2,-2.534412,0.4263162
Cell923,Group2,Batch2,10.050173,-3.011117
Cell924,Group4,Batch2,-3.4542086,0.18452427
Cell925,Group2,Batch2,10.051554,-3.336451
Cell926,Group2,Batch2,9.16514,-2.046744
Cell927,Group3,Batch2,-4.0792065,1.6490581
Cell928,Group3,Batch2,-4.4520984,-0.40681225
Cell929,Group2,Batch2,9.730503,-2.4368732
Cell930,Group4,Batch2,-1.5716035,0.7153449
Cell931,Group4,Batch2,-3.4538414,1.9942223
Cell932,Group2,Batch2,8.25404,-2.915111
Cell933,Group2,Batch2,7.9312534,-2.2496927
Cell934,Group4,Batch2,-3.7419477,1.9945773
Cell935,Group3,Batch2,-6.4814057,-0.8106877
Cell936,Group3,Batch2,-4.977765,1.5661901
Cell937,Group3,Batch2,-5.0622325,-0.3744485
Cell938,Group3,Batch2,-5.638619,1.55189
Cell939,Group1,Batch2,12.475281,13.964832
Cell940,Group4,Batch2,-1.886731,-0.27224296
Cell941,Group2,Batch2,8.476742,-3.144724
Cell942,Group3,Batch2,-5.151634,-1.088132
Cell943,Group4,Batch2,-0.91637826,0.020477382
Cell944,Group4,Batch2,-1.8651092,0.24374191
Cell945,Group4,Batch2,-3.9957275,1.2687135
Cell946,Group4,Batch2,-3.0153387,-0.29462326
Cell947,Group1,Batch2,11.743201,13.551515
Cell948,Group4,Batch2,-2.411804,-0.47393915
Cell949,Group2,Batch2,9.708093,-1.2354856
Cell950,Group2,Batch2,10.107103,-2.7423947
Cell951,Group3,Batch2,-4.810385,-1.3061796
Cell952,Group4,Batch2,-2.9929483,2.3292787
Cell953,Group2,Batch2,9.33039,-3.5997014
Cell954,Group3,Batch2,-4.96043,-1.3786249
Cell955,Group2,Batch2,9.211969,-2.4506912
Cell956,Group3,Batch2,-5.1621532,-0.82395595
Cell957,Group3,Batch2,-4.749803,0.027926197
Cell958,Group2,Batch2,8.899848,-1.9031012
Cell959,Group4,Batch2,-3.5718496,-0.50072306
Cell960,Group4,Batch2,-2.0559123,1.8247523
Cell961,Group4,Batch2,-3.1215904,2.1431575
Cell962,Group4,Batch2,-2.0076404,0.36414507
Cell963,Group3,Batch2,-5.549886,0.35956237
Cell964,Group4,Batch2,-3.3662183,0.45244044
Cell965,Group2,Batch2,10.096849,-2.7516177
Cell966,Group3,Batch2,-5.716195,-0.84988254
Cell967,Group4,Batch2,-4.0505643,0.46379822
Cell968,Group2,Batch2,9.880832,-2.5043967
Cell969,Group4,Batch2,-4.296009,1.9483764
Cell970,Group4,Batch2,-2.2614727,2.0512948
Cell971,Group4,Batch2,-4.201644,2.097131
Cell972,Group2,Batch2,10.292546,-2.1559265
Cell973,Group2,Batch2,10.8730755,-1.9675103
Cell974,Group4,Batch2,-1.6899712,-0.3291708
Cell975,Group4,Batch2,-2.3652565,-0.111122176
Cell976,Group3,Batch2,-5.387594,-1.315928
Cell977,Group4,Batch2,-1.0535121,0.5128751
Cell978,Group2,Batch2,9.400288,-1.0545436
Cell979,Group4,Batch2,-2.008304,-0.15505905
Cell980,Group4,Batch2,-2.4933314,0.8449567
Cell981,Group2,Batch2,9.658987,-3.55535
Cell982,Group2,Batch2,8.642563,-2.5246286
Cell983,Group4,Batch2,-2.1619415,1.773267
Cell984,Group2,Batch2,9.896931,-3.8025007
Cell985,Group4,Batch2,-3.2079062,-1.8531363
Cell986,Group1,Batch2,11.379824,13.996903
Cell987,Group3,Batch2,-6.0692325,-0.63696045
Cell988,Group4,Batch2,-2.835477,1.1394815
Cell989,Group4,Batch2,-0.9909969,0.5033602
Cell990,Group4,Batch2,-4.161334,1.6612439
Cell991,Group1,Batch2,12.042992,13.367014
Cell992,Group2,Batch2,9.606836,-2.481428
Cell993,Group2,Batch2,9.817248,-3.786966
Cell994,Group2,Batch2,10.493213,-3.1972458
Cell995,Group2,Batch2,10.972029,-2.2489424
Cell996,Group4,Batch2,-1.4138404,-0.49388117
Cell997,Group2,Batch2,8.75619,-2.1515777
Cell998,Group2,Batch2,9.1241255,-1.5787983
Cell999,Group4,Batch2,-2.0261517,2.2477498
Cell1000,Group3,Batch2,-6.583072,-0.6382911
Cell1001,Group4,Batch3,-3.0355966,2.4215276
Cell1002,Group3,Batch3,-4.674303,-0.37173012
Cell1003,Group2,Batch3,10.112893,-2.2771695
Cell1004,Group3,Batch3,-5.9447517,0.8766814
Cell1005,Group3,Batch3,-5.071693,2.163074
Cell1006,Group4,Batch3,-1.8535719,0.44844508
Cell1007,Group4,Batch3,-1.964368,-1.143914
Cell1008,Group2,Batch3,9.102749,-3.9214048
Cell1009,Group3,Batch3,-4.636464,0.75259787
Cell1010,Group2,Batch3,8.051234,-2.9518106
Cell1011,Group3,Batch3,-3.4070332,-0.5310674
Cell1012,Group1,Batch3,12.52341,13.592317
Cell1013,Group4,Batch3,-2.731284,-0.32577026
Cell1014,Group3,Batch3,-6.047695,-0.0978112
Cell1015,Group4,Batch3,-5.274463,1.4536859
Cell1016,Group2,Batch3,9.08172,-3.5255158
Cell1017,Group2,Batch3,8.556967,-2.5620968
Cell1018,Group4,Batch3,-1.4014689,0.046423502
Cell1019,Group2,Batch3,10.806773,-2.7469406
Cell1020,Group4,Batch3,-2.061634,-0.61101675
Cell1021,Group2,Batch3,9.290522,-2.5018194
Cell1022,Group3,Batch3,-4.7249365,-1.2228435
Cell1023,Group4,Batch3,-1.5989044,0.5616993
Cell1024,Group3,Batch3,-3.3482666,1.5400969
Cell1025,Group2,Batch3,8.248083,-3.2589712
Cell1026,Group3,Batch3,-6.3094716,-0.5045495
Cell1027,Group4,Batch3,-1.8265865,1.6914815
Cell1028,Group2,Batch3,9.397719,-3.5160697
Cell1029,Group4,Batch3,-3.2624445,0.5025719
Cell1030,Group4,Batch3,-4.3469276,-0.25643063
Cell1031,Group2,Batch3,9.363923,-1.8170437
Cell1032,Group4,Batch3,-2.9843836,0.31507602
Cell1033,Group4,Batch3,-1.9379952,-0.44925094
Cell1034,Group3,Batch3,-6.450045,0.58523935
Cell1035,Group2,Batch3,8.093232,-3.4145968
Cell1036,Group4,Batch3,-3.1406245,0.31803292
Cell1037,Group3,Batch3,-5.3491516,-0.222034
Cell1038,Group3,Batch3,-6.418446,0.9365301
Cell1039,Group4,Batch3,-3.1699688,-1.4795687
Cell1040,Group4,Batch3,-3.0066113,-0.114046134
Cell1041,Group4,Batch3,-2.793018,0.98516405
Cell1042,Group4,Batch3,-1.0338583,0.11408492
Cell1043,Group4,Batch3,-2.4956362,-0.031458322
Cell1044,Group4,Batch3,-3.7874653,1.6739812
Cell1045,Group3,Batch3,-6.6114225,-0.7554703
Cell1046,Group2,Batch3,9.186707,-2.431591
Cell1047,Group3,Batch3,-4.2824926,2.1899707
Cell1048,Group3,Batch3,-4.2572675,1.1623653
Cell1049,Group2,Batch3,9.156918,-1.3675717
Cell1050,Group2,Batch3,9.126337,-1.2228743
Cell1051,Group2,Batch3,9.413469,-2.1545184
Cell1052,Group3,Batch3,-5.6910734,0.39029628
Cell1053,Group4,Batch3,-1.7746775,-0.54419357
Cell1054,Group4,Batch3,-3.6482427,1.3388329
Cell1055,Group3,Batch3,-3.9864771,-0.7369026
Cell1056,Group2,Batch3,9.365108,-3.576768
Cell1057,Group4,Batch3,-1.0643561,1.0795935
Cell1058,Group3,Batch3,-4.700936,-0.7700125
Cell1059,Group2,Batch3,10.148532,-0.91437036
Cell1060,Group2,Batch3,10.675712,-3.5087054
Cell1061,Group4,Batch3,-2.7525465,1.2333424
Cell1062,Group2,Batch3,10.112976,-3.6999831
Cell1063,Group4,Batch3,-4.250112,0.6102431
Cell1064,Group3,Batch3,-5.7190967,0.12976073
Cell1065,Group2,Batch3,8.982946,-1.5475482
Cell1066,Group2,Batch3,8.52558,-1.2688648
Cell1067,Group4,Batch3,-2.8567386,2.0008752
Cell1068,Group3,Batch3,-6.207553,-0.24313018
Cell1069,Group2,Batch3,8.661418,-3.0306883
Cell1070,Group3,Batch3,-5.878041,-0.7467653
Cell1071,Group4,Batch3,-3.1178725,2.363547
Cell1072,Group4,Batch3,-3.0158305,0.5867862
Cell1073,Group4,Batch3,-1.3271322,1.5071545
Cell1074,Group3,Batch3,-6.064818,0.64442015
Cell1075,Group4,Batch3,-3.5455835,1.4697746
Cell1076,Group4,Batch3,-2.564685,-0.30320403
Cell1077,Group4,Batch3,-2.3490252,0.66606534
Cell1078,Group4,Batch3,-1.4565214,0.1394764
Cell1079,Group4,Batch3,-1.7448474,0.17708181
Cell1080,Group3,Batch3,-6.6903396,1.0754628
Cell1081,Group3,Batch3,-5.5135274,0.59396106
Cell1082,Group2,Batch3,9.231601,-0.8086357
Cell1083,Group2,Batch3,11.007485,-2.4728978
Cell1084,Group3,Batch3,-5.1516685,1.2141473
Cell1085,Group3,Batch3,-5.167058,0.6501427
Cell1086,Group4,Batch3,-3.5492423,-0.6872353
Cell1087,Group3,Batch3,-4.855341,-0.7717479
Cell1088,Group2,Batch3,9.083543,-1.3420157
Cell1089,Group4,Batch3,-3.187674,0.33717993
Cell1090,Group2,Batch3,10.835503,-1.8071815
Cell1091,Group4,Batch3,-2.2239234,1.2952777
Cell1092,Group2,Batch3,8.929965,-1.2040335
Cell1093,Group3,Batch3,-4.915519,0.1745573
Cell1094,Group4,Batch3,-3.5921638,-0.043550808
Cell1095,Group4,Batch3,-2.7362115,1.3544841
Cell1096,Group3,Batch3,-5.3088155,-1.4129273
Cell1097,Group3,Batch3,-3.8392153,-0.2988676
Cell1098,Group4,Batch3,-0.89580435,-0.21903633
Cell1099,Group2,Batch3,10.624691,-2.692385
Cell1100,Group2,Batch3,7.989773,-3.2904956
Cell1101,Group3,Batch3,-6.7521377,-0.044045605
Cell1102,Group4,Batch3,-2.6586611,2.0515423
Cell1103,Group3,Batch3,-4.40965,1.8007545
Cell1104,Group4,Batch3,-2.2914326,0.23532249
Cell1105,Group1,Batch3,11.889329,13.511337
Cell1106,Group2,Batch3,8.598983,-2.0701647
Cell1107,Group2,Batch3,8.971003,-1.9174007
Cell1108,Group2,Batch3,10.318508,-3.0288703
Cell1109,Group2,Batch3,10.159475,-3.071849
Cell1110,Group3,Batch3,-4.362359,0.00894059
Cell1111,Group4,Batch3,-3.507468,-1.0152448
Cell1112,Group4,Batch3,-2.4115083,2.6427736
Cell1113,Group3,Batch3,-6.288825,1.6297959
Cell1114,Group3,Batch3,-5.2776046,-0.0071117766
Cell1115,Group2,Batch3,9.705364,-3.1959486
Cell1116,Group3,Batch3,-5.227612,-0.17543747
Cell1117,Group2,Batch3,9.253644,-1.3591709
Cell1118,Group4,Batch3,-3.9545965,1.6051272
Cell1119,Group3,Batch3,-5.008663,-0.42801735
Cell1120,Group2,Batch3,10.699611,-2.2588725
Cell1121,Group2,Batch3,8.936121,-3.4122424
Cell1122,Group2,Batch3,10.41308,-2.1104643
Cell1123,Group1,Batch3,11.615891,14.083627
Cell1124,Group2,Batch3,9.418017,-3.135658
Cell1125,Group4,Batch3,-2.009288,-1.5612451
Cell1126,Group4,Batch3,-2.8021414,-0.8226446
Cell1127,Group3,Batch3,-4.2626567,-1.5155863
Cell1128,Group3,Batch3,-4.5261736,1.1079367
Cell1129,Group3,Batch3,-6.0978146,1.8834149
Cell1130,Group3,Batch3,-5.5353894,0.6983731
Cell1131,Group2,Batch3,11.155602,-2.1484988
Cell1132,Group4,Batch3,-3.1736193,-1.0137334
Cell1133,Group1,Batch3,11.541972,14.366323
Cell1134,Group1,Batch3,11.986812,13.927562
Cell1135,Group1,Batch3,12.450939,13.512015
Cell1136,Group2,Batch3,9.831804,-3.0018258
Cell1137,Group4,Batch3,-3.3524036,1.6071533
Cell1138,Group2,Batch3,10.30241,-1.7198305
Cell1139,Group4,Batch3,-1.7142735,-0.7604154
Cell1140,Group1,Batch3,12.18883,13.730829
Cell1141,Group3,Batch3,-6.0592,0.3171115
Cell1142,Group4,Batch3,-3.35234,1.1057936
Cell1143,Group3,Batch3,-6.1364493,0.59769696
Cell1144,Group4,Batch3,-2.522322,1.9041195
Cell1145,Group3,Batch3,-4.6669583,-0.036981408
Cell1146,Group2,Batch3,8.939457,-2.6889367
Cell1147,Group4,Batch3,-1.5467068,0.9929014
Cell1148,Group4,Batch3,-2.6349006,-0.07666445
Cell1149,Group4,Batch3,-1.291558,0.8321839
Cell1150,Group3,Batch3,-4.303316,0.84294164
Cell1151,Group2,Batch3,8.84564,-3.501417
Cell1152,Group1,Batch3,12.010301,14.482246
Cell1153,Group2,Batch3,9.357364,-3.8347592
Cell1154,Group2,Batch3,10.490363,-2.4107423
Cell1155,Group3,Batch3,-5.965258,0.14727923
Cell1156,Group4,Batch3,-3.2876606,-1.3695109
Cell1157,Group3,Batch3,-5.613783,-0.5662202
Cell1158,Group2,Batch3,9.591063,-1.521585
Cell1159,Group4,Batch3,-2.8255982,1.4879965
Cell1160,Group2,Batch3,9.468565,-2.4627173
Cell1161,Group3,Batch3,-4.785049,-0.6765696
Cell1162,Group3,Batch3,-4.9014435,1.2844839
Cell1163,Group2,Batch3,8.678142,-3.0881221
Cell1164,Group3,Batch3,-6.6561713,-0.28534192
Cell1165,Group1,Batch3,11.612192,14.271171
Cell1166,Group3,Batch3,-6.143641,0.24294358
Cell1167,Group3,Batch3,-6.331187,-0.741026
Cell1168,Group4,Batch3,-3.43739,-1.387106
Cell1169,Group3,Batch3,-4.005277,0.15101314
Cell1170,Group3,Batch3,-3.8760388,-0.93621624
Cell1171,Group2,Batch3,9.395293,-3.1342657
Cell1172,Group4,Batch3,-3.3230112,2.2846723
Cell1173,Group4,Batch3,-2.3352096,1.6685127
Cell1174,Group1,Batch3,12.54451,14.000669
Cell1175,Group1,Batch3,11.375041,14.182261
Cell1176,Group2,Batch3,8.732935,-1.4925896
Cell1177,Group4,Batch3,-3.0594902,2.1534
Cell1178,Group2,Batch3,10.207811,-3.1518774
Cell1179,Group1,Batch3,11.955225,13.997839
Cell1180,Group2,Batch3,9.752851,-1.4329746
Cell1181,Group2,Batch3,8.323959,-2.0131323
Cell1182,Group4,Batch3,-1.2046938,-0.05968517
Cell1183,Group3,Batch3,-6.100176,0.09019406
Cell1184,Group2,Batch3,9.3329935,-2.1899176
Cell1185,Group4,Batch3,-3.1104677,1.5590129
Cell1186,Group4,Batch3,-3.828157,0.7449932
Cell1187,Group4,Batch3,-3.1554174,2.5387375
Cell1188,Group3,Batch3,-6.3148413,0.51830333
Cell1189,Group3,Batch3,-5.86128,0.19163883
Cell1190,Group2,Batch3,9.939257,-2.294391
Cell1191,Group1,Batch3,12.305492,13.347174
Cell1192,Group3,Batch3,-3.7543406,1.1736954
Cell1193,Group4,Batch3,-1.7633786,1.5553275
Cell1194,Group2,Batch3,10.531183,-1.5176123
Cell1195,Group2,Batch3,10.009672,-2.5143151
Cell1196,Group2,Batch3,9.908669,-1.9243398
Cell1197,Group3,Batch3,-5.2263083,1.2601125
Cell1198,Group4,Batch3,-1.5797396,-0.94903195
Cell1199,Group3,Batch3,-3.9090836,-0.7554246
Cell1200,Group2,Batch3,10.010172,-3.896991
Cell1201,Group4,Batch3,-4.1153646,2.254638
Cell1202,Group4,Batch3,-3.4831686,-1.7168856
Cell1203,Group4,Batch3,-2.367335,0.6048535
Cell1204,Group4,Batch3,-3.0384881,0.13454762
Cell1205,Group4,Batch3,-3.7482479,-1.3447876
Cell1206,Group4,Batch3,-1.794233,-0.61245644
Cell1207,Group4,Batch3,-3.0635407,-1.652075
Cell1208,Group1,Batch3,11.479158,-2.47995
Cell1209,Group3,Batch3,-5.989733,0.43742728
Cell1210,Group4,Batch3,-3.511392,0.019137325
Cell1211,Group3,Batch3,-4.361997,-1.4804502
Cell1212,Group3,Batch3,-5.2428384,0.7141062
Cell1213,Group1,Batch3,12.405617,14.236437
Cell1214,Group2,Batch3,7.78768,-2.0308025
Cell1215,Group2,Batch3,8.356074,-1.8915737
Cell1216,Group3,Batch3,-5.8181195,-1.5049375
Cell1217,Group4,Batch3,-2.819412,-1.4855539
Cell1218,Group4,Batch3,-2.4467552,-1.7886916
Cell1219,Group2,Batch3,8.895561,-2.425735
Cell1220,Group4,Batch3,-4.2233076,2.1066806
Cell1221,Group1,Batch3,11.605407,13.577049
Cell1222,Group3,Batch3,-5.6854978,-0.094738774
Cell1223,Group3,Batch3,-4.504805,-1.6926364
Cell1224,Group2,Batch3,9.879091,-3.3465643
Cell1225,Group3,Batch3,-4.9327097,-1.0410438
Cell1226,Group4,Batch3,-2.0149176,-0.54865843
Cell1227,Group3,Batch3,-6.278578,-0.3165443
Cell1228,Group4,Batch3,-2.5444303,1.1064671
Cell1229,Group3,Batch3,-5.004906,-1.0080259
Cell1230,Group2,Batch3,10.00786,-3.2661393
Cell1231,Group4,Batch3,-3.1781971,0.38091847
Cell1232,Group4,Batch3,-1.3036873,-0.51151174
Cell1233,Group3,Batch3,-2.5038435,1.8041254
Cell1234,Group3,Batch3,-4.2918415,-0.4332609
Cell1235,Group2,Batch3,9.064217,-2.4041073
Cell1236,Group4,Batch3,-2.250495,1.921491
Cell1237,Group2,Batch3,8.806161,-2.6808755
Cell1238,Group4,Batch3,-3.9695303,0.55293065
Cell1239,Group4,Batch3,-2.003432,2.3879304
Cell1240,Group2,Batch3,9.8175125,-1.6117065
Cell1241,Group1,Batch3,12.026539,14.399522
Cell1242,Group4,Batch3,-1.8148487,0.42244604
Cell1243,Group4,Batch3,-3.861695,-1.6020232
Cell1244,Group1,Batch3,11.788366,13.833309
Cell1245,Group1,Batch3,12.565498,14.22252
Cell1246,Group3,Batch3,-5.5958776,0.288612
Cell1247,Group2,Batch3,8.4790745,-2.5882936
Cell1248,Group4,Batch3,-1.8038204,1.13966
Cell1249,Group4,Batch3,-2.250452,0.5235714
Cell1250,Group2,Batch3,9.24164,-3.5434222
Cell1251,Group2,Batch3,9.231786,-3.4246945
Cell1252,Group2,Batch3,7.8970265,-2.2728903
Cell1253,Group4,Batch3,-4.2161374,1.6111586
Cell1254,Group4,Batch3,-2.234866,-0.3992638
Cell1255,Group2,Batch3,10.51391,-3.4778235
Cell1256,Group3,Batch3,-5.892328,1.8193613
Cell1257,Group2,Batch3,8.924365,-1.1866108
Cell1258,Group4,Batch3,-4.970716,0.81469685
Cell1259,Group3,Batch3,-5.190642,1.5558239
Cell1260,Group4,Batch3,-3.012666,-0.75175184
Cell1261,Group4,Batch3,-3.2607622,2.1397681
Cell1262,Group4,Batch3,-2.381775,0.60872984
Cell1263,Group3,Batch3,-5.704836,-0.6455164
Cell1264,Group4,Batch3,-2.4521744,0.32360154
Cell1265,Group4,Batch3,-3.358082,-0.1764648
Cell1266,Group3,Batch3,-5.52815,-0.6331827
Cell1267,Group2,Batch3,10.091076,-3.2705624
Cell1268,Group3,Batch3,-5.7973,1.1189414
Cell1269,Group4,Batch3,-1.9186009,-1.5253272
Cell1270,Group2,Batch3,9.540306,-2.3172588
Cell1271,Group2,Batch3,9.497975,-3.1157973
Cell1272,Group4,Batch3,-4.3431087,-0.06453054
Cell1273,Group3,Batch3,-5.376997,-0.5011232
Cell1274,Group3,Batch3,-4.950399,-1.2516142
Cell1275,Group3,Batch3,-4.627596,0.84864247
Cell1276,Group3,Batch3,-4.8375435,-0.49357894
Cell1277,Group3,Batch3,-6.5664673,-0.106059045
Cell1278,Group4,Batch3,-2.7993557,2.4289894
Cell1279,Group4,Batch3,-3.6232285,0.35557958
Cell1280,Group3,Batch3,-5.741021,0.5506875
Cell1281,Group4,Batch3,-2.907941,0.88776445
Cell1282,Group4,Batch3,-3.3150795,-0.5076137
Cell1283,Group3,Batch3,-6.5325146,0.6017611
Cell1284,Group3,Batch3,-5.420593,1.7847577
Cell1285,Group2,Batch3,8.64171,-1.878223
Cell1286,Group3,Batch3,-4.570246,0.2983219
Cell1287,Group3,Batch3,-5.190123,1.0968529
Cell1288,Group4,Batch3,-2.8849838,0.8771082
Cell1289,Group2,Batch3,10.180664,-1.4443195
Cell1290,Group3,Batch3,-5.384822,-1.3287356
Cell1291,Group3,Batch3,-4.4204397,0.18849884
Cell1292,Group2,Batch3,8.093133,-2.6212237
Cell1293,Group2,Batch3,10.062203,-2.7282705
Cell1294,Group4,Batch3,-3.071805,0.20521921
Cell1295,Group2,Batch3,8.594078,-1.4383442
Cell1296,Group2,Batch3,8.925553,-2.6664891
Cell1297,Group4,Batch3,-4.4079437,1.6269451
Cell1298,Group2,Batch3,9.262655,-1.8713398
Cell1299,Group4,Batch3,-2.0155501,-0.23069745
Cell1300,Group1,Batch3,11.716254,14.652945
Cell1301,Group1,Batch3,12.27322,13.451994
Cell1302,Group3,Batch3,-5.859684,1.1370375
Cell1303,Group3,Batch3,-4.869176,1.9141129
Cell1304,Group4,Batch3,-3.422257,0.67211676
Cell1305,Group4,Batch3,-1.2505864,1.3059008
Cell1306,Group3,Batch3,-5.265101,2.0493765
Cell1307,Group3,Batch3,-5.3393197,0.10911609
Cell1308,Group4,Batch3,-3.6069126,-0.2783676
Cell1309,Group4,Batch3,-2.2816427,-0.5744339
Cell1310,Group4,Batch3,-3.3249269,-0.5595983
Cell1311,Group1,Batch3,12.642943,13.827122
Cell1312,Group3,Batch3,-6.7956767,-0.5632257
Cell1313,Group3,Batch3,-4.9941244,-1.3974363
Cell1314,Group3,Batch3,-5.3313527,-0.35609898
Cell1315,Group3,Batch3,-5.191793,0.078450285
Cell1316,Group2,Batch3,9.597385,-3.1411242
Cell1317,Group2,Batch3,8.468456,-1.2240893
Cell1318,Group3,Batch3,-6.1223073,-0.07260156
Cell1319,Group4,Batch3,-3.3912685,1.1457101
Cell1320,Group2,Batch3,9.323229,-2.3511796
Cell1321,Group2,Batch3,9.992398,-2.7613907
Cell1322,Group4,Batch3,-2.1003258,-1.2233889
Cell1323,Group2,Batch3,9.364383,-1.7748793
Cell1324,Group2,Batch3,8.018628,-1.5542244
Cell1325,Group1,Batch3,11.397539,14.490212
Cell1326,Group2,Batch3,9.708381,-2.5364535
Cell1327,Group2,Batch3,9.100754,-2.241824
Cell1328,Group3,Batch3,-5.090543,-1.4621097
Cell1329,Group3,Batch3,-3.9543164,0.13755612
Cell1330,Group4,Batch3,-2.8691838,-0.8446049
Cell1331,Group2,Batch3,10.381033,-2.0866573
Cell1332,Group4,Batch3,-4.212418,-0.2173469
Cell1333,Group4,Batch3,-2.7275634,0.063555084
Cell1334,Group3,Batch3,-5.2821183,-0.3038726
Cell1335,Group3,Batch3,-4.5263314,0.4433073
Cell1336,Group2,Batch3,10.661125,-2.0109017
Cell1337,Group2,Batch3,8.23671,-2.7725031
Cell1338,Group4,Batch3,-1.3868117,-0.20909533
Cell1339,Group2,Batch3,10.130323,-2.8800347
Cell1340,Group4,Batch3,-2.6287344,0.5662382
Cell1341,Group4,Batch3,-3.0670445,2.094118
Cell1342,Group3,Batch3,-4.5388007,2.0103753
Cell1343,Group2,Batch3,8.6874485,-1.0212331
Cell1344,Group3,Batch3,-4.759913,-0.7554963
Cell1345,Group3,Batch3,-5.3998065,-1.1608256
Cell1346,Group4,Batch3,-1.9241298,-0.025144657
Cell1347,Group4,Batch3,-2.0173554,1.648207
Cell1348,Group3,Batch3,-5.562054,-0.46010062
Cell1349,Group2,Batch3,8.448612,-1.0755049
Cell1350,Group4,Batch3,-2.264922,-0.7644611
Cell1351,Group2,Batch3,10.71706,-3.492223
Cell1352,Group4,Batch3,-3.121898,-0.46581694
Cell1353,Group3,Batch3,-4.977878,1.4629425
Cell1354,Group1,Batch3,11.99259,14.516672
Cell1355,Group4,Batch3,-3.7632525,0.17928258
Cell1356,Group4,Batch3,-3.1901212,-0.24793306
Cell1357,Group4,Batch3,-2.9176676,-0.24896619
Cell1358,Group4,Batch3,-3.8451595,1.2034868
Cell1359,Group4,Batch3,-3.2871382,1.3724258
Cell1360,Group1,Batch3,12.469867,14.626371
Cell1361,Group2,Batch3,10.637447,-3.2305732
Cell1362,Group4,Batch3,-3.0420306,-1.2141223
Cell1363,Group2,Batch3,10.939922,-2.2359786
Cell1364,Group2,Batch3,8.236168,-3.273677
Cell1365,Group3,Batch3,-5.428671,0.78872275
Cell1366,Group4,Batch3,-2.2130318,2.4263463
Cell1367,Group4,Batch3,-2.4401417,1.3016051
Cell1368,Group3,Batch3,-5.610029,1.1287304
Cell1369,Group4,Batch3,-4.190791,-0.8013211
Cell1370,Group3,Batch3,-5.8047285,1.0616691
Cell1371,Group4,Batch3,-2.9168904,0.11577747
Cell1372,Group3,Batch3,-4.4505944,1.5166197
Cell1373,Group2,Batch3,10.121126,-3.2080595
Cell1374,Group2,Batch3,9.489512,-2.1877081
Cell1375,Group2,Batch3,9.070657,-3.1141853
Cell1376,Group2,Batch3,10.640802,-2.0701761
Cell1377,Group4,Batch3,-4.422034,1.8044945
Cell1378,Group2,Batch3,8.344253,-3.6876621
Cell1379,Group3,Batch3,-5.279602,0.65848684
Cell1380,Group1,Batch3,11.909438,14.370695
Cell1381,Group3,Batch3,-6.191235,0.12726443
Cell1382,Group4,Batch3,-1.7224369,1.0013857
Cell1383,Group1,Batch3,11.842612,14.43369
Cell1384,Group2,Batch3,9.705588,-2.7629955
Cell1385,Group4,Batch3,-3.0951843,-0.27784416
Cell1386,Group4,Batch3,-2.008461,0.7747214
Cell1387,Group2,Batch3,9.5872345,-2.334981
Cell1388,Group3,Batch3,-4.4040365,0.66043305
Cell1389,Group3,Batch3,-4.634917,1.1361469
Cell1390,Group4,Batch3,-2.5831413,-1.0472339
Cell1391,Group3,Batch3,-4.0661197,0.29000852
Cell1392,Group4,Batch3,-1.3802258,0.60800296
Cell1393,Group2,Batch3,11.050548,-3.2646325
Cell1394,Group2,Batch3,8.706375,-3.134923
Cell1395,Group4,Batch3,-1.6062948,0.9724378
Cell1396,Group4,Batch3,-2.7642946,0.28189486
Cell1397,Group2,Batch3,9.673808,-2.0041864
Cell1398,Group2,Batch3,11.020139,-2.2186458
Cell1399,Group3,Batch3,-3.8719068,-1.1302458
Cell1400,Group4,Batch3,-3.0380898,1.774225
Cell1401,Group2,Batch3,9.605727,-3.3465726
Cell1402,Group2,Batch3,8.5934515,-1.9585549
Cell1403,Group2,Batch3,8.635686,-1.4947422
Cell1404,Group4,Batch3,-3.0045004,1.2341487
Cell1405,Group2,Batch3,8.768005,-3.1175811
Cell1406,Group2,Batch3,8.052209,-2.9842575
Cell1407,Group4,Batch3,-3.3314836,2.1448524
Cell1408,Group2,Batch3,10.062318,-2.8192608
Cell1409,Group2,Batch3,10.001193,-1.3947183
Cell1410,Group4,Batch3,-1.3513259,0.97993547
Cell1411,Group2,Batch3,10.032176,-3.5905895
Cell1412,Group2,Batch3,10.573092,-3.777182
Cell1413,Group4,Batch3,-2.5440404,1.3852882
Cell1414,Group4,Batch3,-2.2850642,-1.0035069
Cell1415,Group4,Batch3,-2.5549119,1.5184169
Cell1416,Group4,Batch3,-3.1205668,0.03726699
Cell1417,Group4,Batch3,-3.6457148,0.6757233
Cell1418,Group3,Batch3,-4.5873747,1.527888
Cell1419,Group3,Batch3,-5.776858,-0.80615735
Cell1420,Group2,Batch3,7.958227,-2.480627
Cell1421,Group3,Batch3,-5.5232553,0.097075894
Cell1422,Group3,Batch3,-4.7044444,-1.1183716
Cell1423,Group2,Batch3,10.4173765,-3.3865097
Cell1424,Group4,Batch3,-4.983458,-1.0613132
Cell1425,Group1,Batch3,12.601846,14.370029
Cell1426,Group3,Batch3,-4.5734825,1.075656
Cell1427,Group3,Batch3,-5.591337,1.4059069
Cell1428,Group3,Batch3,-5.6665316,1.2482541
Cell1429,Group4,Batch3,-3.308765,0.8216741
Cell1430,Group1,Batch3,11.989331,14.406817
Cell1431,Group2,Batch3,8.30794,-2.822609
Cell1432,Group3,Batch3,-4.3423204,-0.8912216
Cell1433,Group4,Batch3,-3.3542936,1.4872086
Cell1434,Group2,Batch3,8.536879,-3.860028
Cell1435,Group2,Batch3,10.35137,-2.6279514
Cell1436,Group4,Batch3,-2.4805765,2.1398463
Cell1437,Group4,Batch3,-3.6856587,-1.4307104
Cell1438,Group4,Batch3,-1.8844395,-0.36137193
Cell1439,Group2,Batch3,8.747448,-2.4377522
Cell1440,Group2,Batch3,9.181583,-3.6564639
Cell1441,Group3,Batch3,-4.9626093,-1.3957329
Cell1442,Group4,Batch3,-2.5928683,0.6278584
Cell1443,Group4,Batch3,-2.2718513,0.03339699
Cell1444,Group4,Batch3,-1.165717,-0.11244942
Cell1445,Group4,Batch3,-2.1953945,0.34460726
Cell1446,Group2,Batch3,9.617047,-1.6709653
Cell1447,Group4,Batch3,-2.1756601,-0.818042
Cell1448,Group4,Batch3,-2.6096337,-1.0293117
Cell1449,Group3,Batch3,-5.257641,-0.4816205
Cell1450,Group4,Batch3,-3.3620176,-1.4526522
Cell1451,Group4,Batch3,-2.7493703,2.542002
Cell1452,Group4,Batch3,-1.3272753,1.1332847
Cell1453,Group4,Batch3,-2.131681,-0.7348417
Cell1454,Group3,Batch3,-4.767191,0.028689068
Cell1455,Group2,Batch3,8.747377,-1.9221342
Cell1456,Group3,Batch3,-5.734388,-0.5676368
Cell1457,Group4,Batch3,-3.7227998,1.2485313
Cell1458,Group2,Batch3,8.429115,-3.4206483
Cell1459,Group2,Batch3,9.3567705,-2.6949606
Cell1460,Group2,Batch3,9.723632,-2.582467
Cell1461,Group4,Batch3,-3.0870373,0.18864915
Cell1462,Group2,Batch3,9.193059,-2.621883
Cell1463,Group3,Batch3,-4.9314494,0.9018675
Cell1464,Group4,Batch3,-1.9586606,1.8285917
Cell1465,Group4,Batch3,-1.174119,0.5777703
Cell1466,Group3,Batch3,-4.844766,1.3834084
Cell1467,Group2,Batch3,9.568967,-2.2920156
Cell1468,Group1,Batch3,12.258253,13.563466
Cell1469,Group3,Batch3,-5.378309,-0.54585874
Cell1470,Group3,Batch3,-4.8005204,-0.55532426
Cell1471,Group3,Batch3,-4.916685,-0.18020958
Cell1472,Group4,Batch3,-2.3008108,0.8180838
Cell1473,Group4,Batch3,-1.1267648,0.25910574
Cell1474,Group2,Batch3,9.60089,-3.8247297
Cell1475,Group2,Batch3,9.131767,-2.1522431
Cell1476,Group3,Batch3,-5.9788494,-0.44506347
Cell1477,Group1,Batch3,11.740545,13.824209
Cell1478,Group4,Batch3,-3.819671,1.138007
Cell1479,Group2,Batch3,10.37788,-1.2122681
Cell1480,Group3,Batch3,-5.485626,0.969767
Cell1481,Group2,Batch3,9.269902,-3.2079499
Cell1482,Group2,Batch3,9.236479,-1.7711968
Cell1483,Group2,Batch3,10.074007,-3.5602703
Cell1484,Group1,Batch3,12.08638,13.693992
Cell1485,Group2,Batch3,10.3727255,-1.840686
Cell1486,Group2,Batch3,8.706337,-3.7964156
Cell1487,Group4,Batch3,-2.4526608,0.60937905
Cell1488,Group4,Batch3,-1.1718068,0.50581557
Cell1489,Group4,Batch3,-2.9448597,-0.19604623
Cell1490,Group4,Batch3,-2.3927164,-0.81232303
Cell1491,Group4,Batch3,-1.6243318,0.492074
Cell1492,Group3,Batch3,-4.4521832,1.6489773
Cell1493,Group2,Batch3,9.864499,-1.3153951
Cell1494,Group3,Batch3,-2.9686081,0.72382385
Cell1495,Group1,Batch3,11.76146,13.849121
Cell1496,Group2,Batch3,9.706536,-3.118208
Cell1497,Group3,Batch3,-4.34535,0.51790345
Cell1498,Group3,Batch3,-4.334065,1.3201343
Cell1499,Group3,Batch3,-5.5392833,0.4601609
Cell1500,Group3,Batch3,-4.0019484,-1.3882601
Cell1501,Group3,Batch4,-6.0960565,0.94291145
Cell1502,Group2,Batch4,10.691686,-1.7282537
Cell1503,Group4,Batch4,-3.3323033,-0.484452
Cell1504,Group2,Batch4,9.865443,-2.1621656
Cell1505,Group4,Batch4,-2.6568,0.4898514
Cell1506,Group1,Batch4,12.496417,14.007536
Cell1507,Group2,Batch4,10.315348,-2.8579764
Cell1508,Group2,Batch4,8.681753,-1.8073508
Cell1509,Group2,Batch4,9.522052,-1.5782814
Cell1510,Group1,Batch4,12.408319,13.651177
Cell1511,Group3,Batch4,-4.813121,0.64331067
Cell1512,Group1,Batch4,12.658077,14.140358
Cell1513,Group4,Batch4,-2.5149453,1.2390226
Cell1514,Group2,Batch4,8.970001,-2.5181038
Cell1515,Group3,Batch4,-6.269079,-0.66513205
Cell1516,Group4,Batch4,-3.5205274,0.9894137
Cell1517,Group1,Batch4,11.558336,13.95261
Cell1518,Group2,Batch4,9.256394,-1.3552384
Cell1519,Group4,Batch4,-1.0849459,0.7988615
Cell1520,Group2,Batch4,9.72612,-3.9984071
Cell1521,Group4,Batch4,-3.4028878,1.060236
Cell1522,Group3,Batch4,-4.966735,-0.74386156
Cell1523,Group3,Batch4,-5.3207645,1.3593763
Cell1524,Group2,Batch4,10.080847,-2.5171905
Cell1525,Group4,Batch4,-3.2413583,0.13376395
Cell1526,Group4,Batch4,-3.1840456,1.3522632
Cell1527,Group3,Batch4,-4.7288213,1.4976647
Cell1528,Group4,Batch4,-2.3037062,0.8868872
Cell1529,Group3,Batch4,-5.3621445,0.24553338
Cell1530,Group3,Batch4,-6.161691,1.5523785
Cell1531,Group3,Batch4,-4.708438,1.2874045
Cell1532,Group2,Batch4,8.520394,-2.5212207
Cell1533,Group4,Batch4,-2.9645045,1.8017409
Cell1534,Group4,Batch4,-3.0674648,-0.6561343
Cell1535,Group4,Batch4,-1.6834517,0.56441075
Cell1536,Group2,Batch4,9.021543,-1.8631845
Cell1537,Group1,Batch4,12.159585,14.524435
Cell1538,Group4,Batch4,-2.0262463,0.31390867
Cell1539,Group2,Batch4,9.819028,-2.7972963
Cell1540,Group3,Batch4,-5.141373,0.985642
Cell1541,Group4,Batch4,-3.4573293,0.85542715
Cell1542,Group2,Batch4,8.941095,-1.7148169
Cell1543,Group4,Batch4,-3.1620448,0.8425215
Cell1544,Group4,Batch4,-2.909769,-0.017409686
Cell1545,Group4,Batch4,-2.7910278,0.53530943
Cell1546,Group2,Batch4,9.755958,-1.4055814
Cell1547,Group4,Batch4,-1.6119566,-0.37124434
Cell1548,Group3,Batch4,-6.0112023,0.82131726
Cell1549,Group3,Batch4,-4.932094,1.4499834
Cell1550,Group4,Batch4,-2.2316215,-1.2638196
Cell1551,Group3,Batch4,-4.692907,-0.89624065
Cell1552,Group2,Batch4,8.896069,-1.8732504
Cell1553,Group2,Batch4,9.187365,-3.0745666
Cell1554,Group4,Batch4,-4.516709,0.44246098
Cell1555,Group2,Batch4,10.610067,-1.5573432
Cell1556,Group3,Batch4,-4.768108,-0.7490322
Cell1557,Group3,Batch4,-4.078153,-1.3659021
Cell1558,Group2,Batch4,9.981504,-2.0145793
Cell1559,Group4,Batch4,-4.163452,-1.111649
Cell1560,Group2,Batch4,9.919018,-3.3998713
Cell1561,Group4,Batch4,-3.1545951,0.79969805
Cell1562,Group3,Batch4,-4.9674783,0.8745171
Cell1563,Group2,Batch4,10.107798,-2.4646945
Cell1564,Group4,Batch4,-1.9772116,0.67962205
Cell1565,Group3,Batch4,-5.1930676,-0.3914347
Cell1566,Group2,Batch4,8.352217,-1.2101426
Cell1567,Group2,Batch4,9.295694,-3.1468565
Cell1568,Group2,Batch4,8.929314,-3.743587
Cell1569,Group2,Batch4,10.4669895,-3.055091
Cell1570,Group4,Batch4,-4.487172,-1.2439569
Cell1571,Group4,Batch4,-3.4745758,-1.0966893
Cell1572,Group4,Batch4,-3.0725462,0.021920571
Cell1573,Group3,Batch4,-5.8644156,-0.5261117
Cell1574,Group3,Batch4,-6.4171767,0.19872278
Cell1575,Group4,Batch4,-1.3442404,-0.9958103
Cell1576,Group3,Batch4,-4.569316,-0.7702096
Cell1577,Group3,Batch4,-4.5264754,0.17262991
Cell1578,Group1,Batch4,11.771905,14.328689
Cell1579,Group1,Batch4,11.711736,14.476347
Cell1580,Group1,Batch4,12.091521,14.405439
Cell1581,Group2,Batch4,9.971548,-2.9086294
Cell1582,Group4,Batch4,-4.1573167,0.85753894
Cell1583,Group2,Batch4,10.38163,-2.848678
Cell1584,Group4,Batch4,-1.969776,-0.96285087
Cell1585,Group1,Batch4,12.376774,14.05629
Cell1586,Group4,Batch4,-1.1213043,0.38168365
Cell1587,Group2,Batch4,10.244928,-1.2291423
Cell1588,Group3,Batch4,-4.7058077,0.63074315
Cell1589,Group4,Batch4,-2.4037876,1.1208167
Cell1590,Group2,Batch4,9.445815,-2.8041117
Cell1591,Group4,Batch4,-2.1096537,-0.7221017
Cell1592,Group2,Batch4,8.522539,-1.3874688
Cell1593,Group4,Batch4,-2.9021385,-1.6446688
Cell1594,Group2,Batch4,9.019329,-3.7619731
Cell1595,Group2,Batch4,10.067369,-4.005175
Cell1596,Group2,Batch4,9.16742,-2.479736
Cell1597,Group4,Batch4,-3.7329273,0.2842357
Cell1598,Group3,Batch4,-5.0846467,-1.1483883
Cell1599,Group4,Batch4,-4.3566976,-0.038266785
Cell1600,Group4,Batch4,-1.3526778,-0.64620554
Cell1601,Group3,Batch4,-4.7323055,1.5027517
Cell1602,Group2,Batch4,9.71565,-2.6939833
Cell1603,Group3,Batch4,-6.2875075,0.73119026
Cell1604,Group2,Batch4,10.219869,-3.0532556
Cell1605,Group4,Batch4,-2.08202,0.7034205
Cell1606,Group3,Batch4,-5.7947187,-0.56284934
Cell1607,Group4,Batch4,-3.427491,1.9603752
Cell1608,Group4,Batch4,-2.2837994,0.73650295
Cell1609,Group3,Batch4,-6.4463716,-0.100035004
Cell1610,Group4,Batch4,-1.8743432,-1.1389327
Cell1611,Group4,Batch4,-2.6988547,0.77080566
Cell1612,Group4,Batch4,-3.3179283,-0.7687402
Cell1613,Group4,Batch4,-1.1607101,0.9912664
Cell1614,Group2,Batch4,9.549177,-1.9621284
Cell1615,Group2,Batch4,8.025752,-2.0620003
Cell1616,Group4,Batch4,-3.7781067,-0.8670181
Cell1617,Group2,Batch4,9.438378,-2.2440755
Cell1618,Group4,Batch4,-3.7718577,1.886058
Cell1619,Group2,Batch4,8.747168,-3.2786167
Cell1620,Group4,Batch4,-5.118511,-0.3488016
Cell1621,Group3,Batch4,-5.2731137,-0.7224397
Cell1622,Group4,Batch4,-4.558567,2.0499856
Cell1623,Group3,Batch4,-3.7800882,1.0381986
Cell1624,Group3,Batch4,-5.679836,0.42792898
Cell1625,Group2,Batch4,10.860031,-2.6501298
Cell1626,Group4,Batch4,-2.094773,-1.4331608
Cell1627,Group2,Batch4,9.02656,-3.0162067
Cell1628,Group4,Batch4,-3.1943948,-0.012411457
Cell1629,Group4,Batch4,-1.6359545,1.7719917
Cell1630,Group4,Batch4,-5.063416,0.5930038
Cell1631,Group2,Batch4,8.896571,-2.5539656
Cell1632,Group4,Batch4,-3.1758335,-1.2840811
Cell1633,Group4,Batch4,-3.6134264,-0.97369576
Cell1634,Group3,Batch4,-5.702754,-0.17990686
Cell1635,Group1,Batch4,12.2184515,13.495059
Cell1636,Group3,Batch4,-4.51001,0.48503733
Cell1637,Group3,Batch4,-5.6358075,0.75275594
Cell1638,Group4,Batch4,-4.2016153,-1.3844893
Cell1639,Group4,Batch4,-2.8585134,-0.54791725
Cell1640,Group4,Batch4,-2.0362284,2.190068
Cell1641,Group4,Batch4,-1.4292505,1.0483775
Cell1642,Group2,Batch4,8.571016,-3.5568643
Cell1643,Group3,Batch4,-5.7070007,1.575
Cell1644,Group2,Batch4,10.011401,-3.010561
Cell1645,Group3,Batch4,-5.3859696,1.464974
Cell1646,Group4,Batch4,-2.6779225,-1.5311389
Cell1647,Group3,Batch4,-4.09403,1.9516901
Cell1648,Group2,Batch4,11.169075,-2.4412374
Cell1649,Group3,Batch4,-4.991354,0.6370902
Cell1650,Group4,Batch4,-3.5745378,0.7796662
Cell1651,Group4,Batch4,-2.021414,0.37932843
Cell1652,Group4,Batch4,-3.866084,1.1397091
Cell1653,Group2,Batch4,8.430549,-3.4699974
Cell1654,Group4,Batch4,-3.578933,-0.4136999
Cell1655,Group4,Batch4,-3.3513463,-0.96911496
Cell1656,Group3,Batch4,-6.0217786,1.1404847
Cell1657,Group1,Batch4,12.018344,13.900885
Cell1658,Group4,Batch4,-4.5068293,2.3251994
Cell1659,Group2,Batch4,8.429275,-3.1909845
Cell1660,Group2,Batch4,8.592115,-3.3055973
Cell1661,Group3,Batch4,-6.5153565,-0.3800315
Cell1662,Group2,Batch4,9.410779,-2.060349
Cell1663,Group2,Batch4,9.825026,-3.1333725
Cell1664,Group2,Batch4,9.197006,-2.4393015
Cell1665,Group3,Batch4,-6.189132,0.58887964
Cell1666,Group3,Batch4,-3.6114926,0.45447496
Cell1667,Group2,Batch4,10.378808,-2.0529199
Cell1668,Group4,Batch4,-3.9380546,0.47930595
Cell1669,Group2,Batch4,8.739723,-1.3646272
Cell1670,Group3,Batch4,-5.8725977,0.30789044
Cell1671,Group2,Batch4,8.429389,-2.2179089
Cell1672,Group4,Batch4,-3.0776079,-1.3490658
Cell1673,Group4,Batch4,-4.4229884,2.1330502
Cell1674,Group4,Batch4,-2.4584932,-0.45085526
Cell1675,Group4,Batch4,-2.062166,-0.6597449
Cell1676,Group2,Batch4,8.116606,-2.2558482
Cell1677,Group3,Batch4,-6.605966,0.3851327
Cell1678,Group2,Batch4,8.999019,-2.972569
Cell1679,Group1,Batch4,11.644183,13.781453
Cell1680,Group2,Batch4,10.487603,-1.8506465
Cell1681,Group3,Batch4,-5.3528166,-0.042850923
Cell1682,Group4,Batch4,-3.6842027,0.06425493
Cell1683,Group4,Batch4,-2.596625,-0.39960733
Cell1684,Group2,Batch4,8.160781,-2.9884531
Cell1685,Group4,Batch4,-3.820524,2.067076
Cell1686,Group2,Batch4,9.35243,-1.5328228
Cell1687,Group2,Batch4,9.343567,-1.9748201
Cell1688,Group2,Batch4,10.293058,-2.9899507
Cell1689,Group2,Batch4,9.46506,-3.1515682
Cell1690,Group3,Batch4,-4.057088,-0.6741852
Cell1691,Group3,Batch4,-5.859746,-0.29114035
Cell1692,Group2,Batch4,9.034955,-1.1734228
Cell1693,Group2,Batch4,9.616442,-2.84468
Cell1694,Group3,Batch4,-5.5814633,-1.37062
Cell1695,Group2,Batch4,8.2629385,-1.5211495
Cell1696,Group4,Batch4,-2.175643,-0.56960416
Cell1697,Group4,Batch4,-2.2518625,0.9850938
Cell1698,Group2,Batch4,10.196189,-2.043761
Cell1699,Group4,Batch4,-4.4503517,0.2496802
Cell1700,Group3,Batch4,-4.1149793,-0.8555058
Cell1701,Group2,Batch4,8.757115,-2.0443702
Cell1702,Group3,Batch4,-5.5566883,-0.41441435
Cell1703,Group4,Batch4,-1.1273565,-0.48056147
Cell1704,Group4,Batch4,-3.6024616,1.6100967
Cell1705,Group2,Batch4,9.565544,-3.5780838
Cell1706,Group4,Batch4,-2.5380483,-0.060846426
Cell1707,Group4,Batch4,-3.471009,0.50524896
Cell1708,Group2,Batch4,8.371665,-3.2652953
Cell1709,Group2,Batch4,9.421128,-4.027043
Cell1710,Group3,Batch4,-5.4887233,0.44711724
Cell1711,Group3,Batch4,-6.117505,-0.3773174
Cell1712,Group1,Batch4,12.53731,13.606057
Cell1713,Group2,Batch4,10.170793,-3.3492298
Cell1714,Group2,Batch4,8.561498,-0.9686834
Cell1715,Group3,Batch4,-5.8125505,1.0373049
Cell1716,Group4,Batch4,-1.0853707,1.2164462
Cell1717,Group3,Batch4,-4.2278566,-0.6907266
Cell1718,Group3,Batch4,-6.184533,-0.22992046
Cell1719,Group4,Batch4,-1.8842123,-0.033774953
Cell1720,Group4,Batch4,-3.321845,0.2081456
Cell1721,Group4,Batch4,-3.5812929,-0.3405839
Cell1722,Group4,Batch4,-3.5955205,0.77597886
Cell1723,Group4,Batch4,-1.7950827,-0.039672352
Cell1724,Group2,Batch4,9.289379,-2.762083
Cell1725,Group3,Batch4,-4.864576,0.038718916
Cell1726,Group3,Batch4,-4.8137236,-0.22282189
Cell1727,Group4,Batch4,-1.9536124,1.4060645
Cell1728,Group2,Batch4,9.635812,-3.271478
Cell1729,Group2,Batch4,9.873375,-1.6336608
Cell1730,Group2,Batch4,9.822865,-1.6218127
Cell1731,Group4,Batch4,-2.82655,-0.20427832
Cell1732,Group4,Batch4,-2.4208832,-0.531414
Cell1733,Group1,Batch4,11.872333,14.158396
Cell1734,Group4,Batch4,-2.7521973,-0.7828245
Cell1735,Group4,Batch4,-3.6561072,-0.6768419
Cell1736,Group4,Batch4,-2.1563199,1.5691588
Cell1737,Group2,Batch4,9.441842,-3.8873017
Cell1738,Group2,Batch4,8.65546,-1.5957607
Cell1739,Group4,Batch4,-3.948137,-0.6977765
Cell1740,Group2,Batch4,9.434593,-1.1293888
Cell1741,Group3,Batch4,-6.03949,-0.8129887
Cell1742,Group4,Batch4,-2.3559604,1.7531972
Cell1743,Group4,Batch4,-1.9842496,0.9681693
Cell1744,Group3,Batch4,-5.9760833,-0.9170249
Cell1745,Group4,Batch4,-2.862452,0.18941359
Cell1746,Group3,Batch4,-5.0356297,0.5436828
Cell1747,Group2,Batch4,10.597209,-1.7740064
Cell1748,Group3,Batch4,-5.469375,0.116682
Cell1749,Group2,Batch4,10.520733,-2.148601
Cell1750,Group3,Batch4,-3.956661,0.08510217
Cell1751,Group4,Batch4,-2.8122673,1.376244
Cell1752,Group2,Batch4,10.089784,-1.2394133
Cell1753,Group2,Batch4,9.836696,-2.3570924
Cell1754,Group4,Batch4,-2.794336,-0.31848797
Cell1755,Group4,Batch4,-2.5999377,0.6840508
Cell1756,Group2,Batch4,10.19967,-2.609012
Cell1757,Group2,Batch4,11.002635,-3.2865233
Cell1758,Group1,Batch4,12.10803,14.56914
Cell1759,Group2,Batch4,9.214067,-3.1545212
Cell1760,Group4,Batch4,-4.179466,-1.1361433
Cell1761,Group1,Batch4,12.363858,13.989333
Cell1762,Group2,Batch4,10.331202,-2.060571
Cell1763,Group3,Batch4,-4.6807446,-0.504073
Cell1764,Group2,Batch4,8.632961,-2.1401618
Cell1765,Group3,Batch4,-4.631896,1.874324
Cell1766,Group2,Batch4,8.785456,-3.1865325
Cell1767,Group3,Batch4,-4.769056,0.612632
Cell1768,Group3,Batch4,-4.650456,-0.80383027
Cell1769,Group3,Batch4,-6.594201,-0.1555682
Cell1770,Group3,Batch4,-5.2662597,1.238129
Cell1771,Group3,Batch4,-5.7080364,0.059947547
Cell1772,Group3,Batch4,-5.085154,0.12257009
Cell1773,Group2,Batch4,8.263409,-2.6170747
Cell1774,Group3,Batch4,-6.0202575,1.3529302
Cell1775,Group3,Batch4,-5.6309123,0.93204737
Cell1776,Group4,Batch4,-2.9025457,2.2106233
Cell1777,Group3,Batch4,-5.8651433,0.06550579
Cell1778,Group2,Batch4,9.10601,-1.7144783
Cell1779,Group4,Batch4,-1.5759124,0.41385865
Cell1780,Group4,Batch4,-2.2553766,-0.6574361
Cell1781,Group2,Batch4,8.080973,-2.761892
Cell1782,Group2,Batch4,8.489525,-1.9522069
Cell1783,Group3,Batch4,-5.6630297,-0.81958586
Cell1784,Group4,Batch4,-2.8478675,0.21577084
Cell1785,Group2,Batch4,8.653998,-1.73233
Cell1786,Group3,Batch4,-5.503578,-1.2705903
Cell1787,Group4,Batch4,-2.8494992,1.5781835
Cell1788,Group4,Batch4,-4.284592,0.6642219
Cell1789,Group3,Batch4,-5.342922,0.31951958
Cell1790,Group3,Batch4,-5.4716287,1.2697047
Cell1791,Group4,Batch4,-4.0968804,-0.9797936
Cell1792,Group3,Batch4,-4.961636,1.25727
Cell1793,Group4,Batch4,-3.3345218,-0.3975767
Cell1794,Group4,Batch4,-1.8618138,0.05985541
Cell1795,Group2,Batch4,8.876136,-3.6321523
Cell1796,Group4,Batch4,-2.74956,0.26385
Cell1797,Group4,Batch4,-2.1493912,-0.57264113
Cell1798,Group2,Batch4,9.353825,-1.4203609
Cell1799,Group4,Batch4,-3.3132803,-0.917579
Cell1800,Group4,Batch4,-3.1713068,0.87289107
Cell1801,Group3,Batch4,-4.149815,0.23950472
Cell1802,Group4,Batch4,-3.6281388,1.3131747
Cell1803,Group2,Batch4,9.00732,-3.164179
Cell1804,Group3,Batch4,-5.46907,0.4283175
Cell1805,Group4,Batch4,-1.2107013,1.217384
Cell1806,Group2,Batch4,9.510971,-3.3735263
Cell1807,Group2,Batch4,8.588601,-3.162027
Cell1808,Group2,Batch4,7.9790697,-2.7416713
Cell1809,Group3,Batch4,-6.121425,-0.76224923
Cell1810,Group3,Batch4,-6.3798027,0.6765794
Cell1811,Group4,Batch4,-1.9110783,-0.07644474
Cell1812,Group2,Batch4,9.908111,-1.4142686
Cell1813,Group2,Batch4,10.046844,-2.793419
Cell1814,Group1,Batch4,11.933466,14.6999
Cell1815,Group4,Batch4,-5.68887,1.9796494
Cell1816,Group4,Batch4,-3.9735384,1.2908067
Cell1817,Group4,Batch4,-2.38033,1.4437995
Cell1818,Group3,Batch4,-1.9811682,2.2899995
Cell1819,Group3,Batch4,-6.787574,0.18139802
Cell1820,Group2,Batch4,9.271484,-3.2057092
Cell1821,Group3,Batch4,-3.9792452,-0.49172
Cell1822,Group2,Batch4,10.019929,-1.7321513
Cell1823,Group2,Batch4,9.159376,-2.1209958
Cell1824,Group4,Batch4,-2.3956492,1.6329675
Cell1825,Group2,Batch4,8.825791,-2.182723
Cell1826,Group4,Batch4,-3.3702054,-0.702038
Cell1827,Group3,Batch4,-5.296286,1.1396532
Cell1828,Group2,Batch4,10.169943,-1.9011203
Cell1829,Group1,Batch4,12.116481,14.02307
Cell1830,Group4,Batch4,-2.906794,-0.46957126
Cell1831,Group4,Batch4,-2.8794851,1.8836454
Cell1832,Group2,Batch4,9.505352,-3.4667575
Cell1833,Group1,Batch4,11.707551,13.398589
Cell1834,Group2,Batch4,11.152933,-2.622276
Cell1835,Group2,Batch4,9.84792,-1.576483
Cell1836,Group2,Batch4,8.539081,-2.1043348
Cell1837,Group3,Batch4,-4.7905283,0.92335725
Cell1838,Group4,Batch4,-1.2499238,-0.702426
Cell1839,Group4,Batch4,-3.1514065,-0.68981296
Cell1840,Group3,Batch4,-4.9905167,1.2822996
Cell1841,Group4,Batch4,-4.2822294,-1.3595601
Cell1842,Group4,Batch4,-2.1535254,0.001424282
Cell1843,Group4,Batch4,-4.086852,1.0292221
Cell1844,Group3,Batch4,-6.636358,0.9416395
Cell1845,Group4,Batch4,-3.6538155,0.6178565
Cell1846,Group4,Batch4,-3.346442,1.6680828
Cell1847,Group3,Batch4,-4.8673043,0.12166806
Cell1848,Group4,Batch4,-1.3240361,0.17286152
Cell1849,Group3,Batch4,-5.430884,-0.9088366
Cell1850,Group3,Batch4,-5.318364,2.0129478
Cell1851,Group2,Batch4,10.15872,-1.4585646
Cell1852,Group3,Batch4,-6.3964834,0.00078579085
Cell1853,Group4,Batch4,-2.5139256,-1.4577299
Cell1854,Group3,Batch4,-3.4952967,0.83789295
Cell1855,Group3,Batch4,-5.5453124,-0.4147529
Cell1856,Group4,Batch4,-2.363128,-0.29301706
Cell1857,Group3,Batch4,-4.7213044,-0.23472999
Cell1858,Group4,Batch4,-2.6748312,0.061793532
Cell1859,Group3,Batch4,-4.5339255,-0.8485549
Cell1860,Group2,Batch4,10.681701,-2.1638882
Cell1861,Group3,Batch4,-5.5522847,-0.983743
Cell1862,Group2,Batch4,8.845615,-2.101872
Cell1863,Group2,Batch4,9.25287,-4.003233
Cell1864,Group2,Batch4,7.974774,-1.7248187
Cell1865,Group3,Batch4,-4.3790426,-0.9377622
Cell1866,Group2,Batch4,9.55043,-2.86255
Cell1867,Group3,Batch4,-6.3262153,1.1723117
Cell1868,Group4,Batch4,-2.968144,1.6207018
Cell1869,Group3,Batch4,-4.837035,0.3888917
Cell1870,Group3,Batch4,-5.1061964,1.5485666
Cell1871,Group4,Batch4,-2.3204029,-1.363917
Cell1872,Group4,Batch4,-2.9040482,0.032683324
Cell1873,Group2,Batch4,8.744842,-2.288932
Cell1874,Group3,Batch4,-2.0713036,0.5868939
Cell1875,Group3,Batch4,-4.6826777,0.42772102
Cell1876,Group2,Batch4,9.732831,-2.1074142
Cell1877,Group4,Batch4,-2.0716937,1.5906718
Cell1878,Group3,Batch4,-5.0583725,1.3345319
Cell1879,Group4,Batch4,-2.9426577,-0.5917412
Cell1880,Group3,Batch4,-4.598467,0.6051091
Cell1881,Group4,Batch4,-2.7128444,-0.5441847
Cell1882,Group3,Batch4,-4.63532,-0.12074336
Cell1883,Group3,Batch4,-4.4624047,0.52851397
Cell1884,Group4,Batch4,-3.6078944,-0.22195688
Cell1885,Group4,Batch4,-3.4855902,0.5106222
Cell1886,Group2,Batch4,9.95427,-2.3514707
Cell1887,Group4,Batch4,-2.6073098,1.6254547
Cell1888,Group2,Batch4,9.632497,-2.842409
Cell1889,Group4,Batch4,-3.0758705,0.5529476
Cell1890,Group4,Batch4,-2.4659393,-0.034444492
Cell1891,Group3,Batch4,-4.1946073,0.18889396
Cell1892,Group3,Batch4,-5.0317388,-0.26732174
Cell1893,Group1,Batch4,11.696053,14.51762
Cell1894,Group4,Batch4,-3.0773818,0.7284966
Cell1895,Group3,Batch4,-3.6999974,-0.43797967
Cell1896,Group4,Batch4,-4.2470326,1.3716464
Cell1897,Group2,Batch4,10.063084,-1.6694921
Cell1898,Group2,Batch4,10.482779,-2.8237002
Cell1899,Group4,Batch4,-2.043403,0.13121521
Cell1900,Group4,Batch4,-2.6544247,0.634776
Cell1901,Group4,Batch4,-3.7239969,0.8772656
Cell1902,Group2,Batch4,8.460338,-2.162777
Cell1903,Group2,Batch4,8.225235,-2.0059888
Cell1904,Group4,Batch4,-4.4019117,1.332703
Cell1905,Group4,Batch4,-2.0040202,0.9424189
Cell1906,Group4,Batch4,-2.416437,0.13596544
Cell1907,Group2,Batch4,8.4409895,-3.0035598
Cell1908,Group1,Batch4,12.365183,13.881746
Cell1909,Group4,Batch4,-3.306693,-1.4740335
Cell1910,Group4,Batch4,-1.3470197,-0.2731915
Cell1911,Group2,Batch4,10.46624,-2.9572222
Cell1912,Group2,Batch4,8.516615,-1.469037
Cell1913,Group4,Batch4,-2.8218427,1.399474
Cell1914,Group1,Batch4,12.089623,13.385063
Cell1915,Group1,Batch4,12.619196,14.098994
Cell1916,Group2,Batch4,8.519938,-3.4981432
Cell1917,Group4,Batch4,-2.2109866,-0.52383476
Cell1918,Group2,Batch4,9.875322,-3.7436714
Cell1919,Group4,Batch4,-2.7573066,0.18496111
Cell1920,Group2,Batch4,9.997026,-1.7165259
Cell1921,Group2,Batch4,9.65113,-1.5280021
Cell1922,Group4,Batch4,-3.474886,0.65349734
Cell1923,Group4,Batch4,-3.5941923,0.7589596
Cell1924,Group3,Batch4,-5.0194144,0.8728104
Cell1925,Group3,Batch4,-5.4049826,0.12484791
Cell1926,Group3,Batch4,-5.481344,0.9582441
Cell1927,Group3,Batch4,-5.353328,0.58497286
Cell1928,Group2,Batch4,9.14777,-3.5987775
Cell1929,Group1,Batch4,11.87993,14.178706
Cell1930,Group4,Batch4,-1.4690261,0.43831694
Cell1931,Group4,Batch4,-1.62501,1.6847938
Cell1932,Group2,Batch4,8.908199,-1.7505544
Cell1933,Group3,Batch4,-5.041145,-0.099279776
Cell1934,Group4,Batch4,-4.175839,2.452293
Cell1935,Group3,Batch4,-5.1485085,-1.1378701
Cell1936,Group4,Batch4,-2.2785313,1.7989337
Cell1937,Group3,Batch4,-5.067266,0.8091112
Cell1938,Group4,Batch4,-3.8885632,0.99259317
Cell1939,Group2,Batch4,10.220042,-3.4838939
Cell1940,Group4,Batch4,-1.1476933,1.2475954
Cell1941,Group1,Batch4,11.888829,13.62207
Cell1942,Group4,Batch4,-1.135308,-0.24358195
Cell1943,Group4,Batch4,-4.3043847,0.76186734
Cell1944,Group4,Batch4,-1.891271,1.673102
Cell1945,Group2,Batch4,9.90833,-2.8839934
Cell1946,Group4,Batch4,-3.0468102,-0.85650325
Cell1947,Group3,Batch4,-5.403605,-0.9735498
Cell1948,Group2,Batch4,9.189583,-3.1126006
Cell1949,Group1,Batch4,11.358008,14.143299
Cell1950,Group2,Batch4,10.395641,-2.1535203
Cell1951,Group4,Batch4,-2.884519,1.3810668
Cell1952,Group3,Batch4,-6.4841566,0.2539375
Cell1953,Group4,Batch4,-3.492446,-1.2374651
Cell1954,Group2,Batch4,10.937121,-2.8144195
Cell1955,Group4,Batch4,-3.5540013,2.4672265
Cell1956,Group4,Batch4,-2.7141812,2.069818
Cell1957,Group3,Batch4,-5.5532336,0.015034632
Cell1958,Group4,Batch4,-2.2087991,1.400075
Cell1959,Group3,Batch4,-4.0696993,-0.80104035
Cell1960,Group3,Batch4,-5.2640495,-1.2205753
Cell1961,Group2,Batch4,8.185924,-3.1233857
Cell1962,Group2,Batch4,9.000007,-0.835948
Cell1963,Group4,Batch4,-2.4943411,-1.7198914
Cell1964,Group2,Batch4,9.354064,-2.818196
Cell1965,Group4,Batch4,-1.8040156,-0.080686264
Cell1966,Group1,Batch4,11.334116,14.268302
Cell1967,Group3,Batch4,-5.153458,1.3338149
Cell1968,Group2,Batch4,8.846184,-1.6196856
Cell1969,Group4,Batch4,-2.630413,-0.38295418
Cell1970,Group3,Batch4,-5.497206,0.012244132
Cell1971,Group4,Batch4,-3.0064487,1.0802016
Cell1972,Group2,Batch4,8.172982,-2.4083805
Cell1973,Group3,Batch4,-4.0702186,1.4394236
Cell1974,Group3,Batch4,-3.0016732,0.19374202
Cell1975,Group1,Batch4,11.656142,14.434616
Cell1976,Group2,Batch4,8.451038,-2.8750467
Cell1977,Group4,Batch4,-2.1245954,1.9518738
Cell1978,Group4,Batch4,-2.8239028,0.5308447
Cell1979,Group4,Batch4,-4.0435944,-0.034756884
Cell1980,Group4,Batch4,-2.4192379,0.79922754
Cell1981,Group2,Batch4,10.13925,-3.9253676
Cell1982,Group4,Batch4,-5.2563157,0.22857705
Cell1983,Group4,Batch4,-1.6041125,-0.32502535
Cell1984,Group3,Batch4,-4.424487,1.129078
Cell1985,Group2,Batch4,9.826696,-2.5021877
Cell1986,Group1,Batch4,11.722081,13.749117
Cell1987,Group3,Batch4,-5.2506037,1.7842048
Cell1988,Group2,Batch4,10.722391,-1.8389075
Cell1989,Group3,Batch4,-5.205989,-0.7540359
Cell1990,Group3,Batch4,-5.85545,0.13297617
Cell1991,Group4,Batch4,-4.442488,1.5087316
Cell1992,Group2,Batch4,10.1165905,-3.682153
Cell1993,Group4,Batch4,-1.8590916,1.7527542
Cell1994,Group3,Batch4,-4.669159,0.8856703
Cell1995,Group3,Batch4,-5.0198307,-1.3049622
Cell1996,Group3,Batch4,-5.7303615,0.19322234
Cell1997,Group1,Batch4,12.135064,14.030015
Cell1998,Group4,Batch4,-2.450305,0.7389648
Cell1999,Group3,Batch4,-5.7766967,0.07032672
Cell2000,Group2,Batch4,8.898842,-3.0243366
