CellID,Group,Batch,UMAP1,UMAP2
Cell1,Group4,Batch1,-5.5253615,-2.1743023
Cell2,Group4,Batch1,-8.555356,-1.5364895
Cell3,Group3,Batch1,-1.0895183,11.217887
Cell4,Group3,Batch1,0.49565014,9.928369
Cell5,Group3,Batch1,-0.19340925,9.883743
Cell6,Group2,Batch1,5.4301534,-8.256408
Cell7,Group4,Batch1,-7.12174,-0.41342208
Cell8,Group3,Batch1,-0.42751828,11.357089
Cell9,Group4,Batch1,-5.42242,-1.0211716
Cell10,Group2,Batch1,5.690549,-9.672454
Cell11,Group3,Batch1,0.29153973,11.1903515
Cell12,Group2,Batch1,6.6489267,-8.6670265
Cell13,Group4,Batch1,-6.609938,-2.350667
Cell14,Group2,Batch1,5.6851034,-7.177959
Cell15,Group2,Batch1,5.2303543,-8.5559
Cell16,Group4,Batch1,-6.794504,-2.0801635
Cell17,Group1,Batch1,12.471785,4.6700673
Cell18,Group3,Batch1,-0.21689016,10.317217
Cell19,Group2,Batch1,6.5919485,-10.640943
Cell20,Group1,Batch1,12.784966,4.7266855
Cell21,Group4,Batch1,-8.067577,-0.7987217
Cell22,Group4,Batch1,-6.2066474,-1.41987
Cell23,Group2,Batch1,5.790295,-10.055685
Cell24,Group2,Batch1,5.6344457,-9.377564
Cell25,Group4,Batch1,-7.593131,-3.1316583
Cell26,Group1,Batch1,12.432527,4.4777927
Cell27,Group4,Batch1,-7.9696083,-1.084598
Cell28,Group4,Batch1,-8.248212,-1.2668955
Cell29,Group4,Batch1,-7.1964874,-1.1316491
Cell30,Group4,Batch1,-6.5079503,0.65824634
Cell31,Group2,Batch1,6.983251,-8.257767
Cell32,Group2,Batch1,5.7595997,-9.019565
Cell33,Group2,Batch1,5.0573244,-9.841698
Cell34,Group4,Batch1,-6.306191,-0.85348785
Cell35,Group2,Batch1,4.3547854,-9.191921
Cell36,Group4,Batch1,-5.7920623,0.42152658
Cell37,Group2,Batch1,7.1033483,-9.468391
Cell38,Group4,Batch1,-6.5693445,-0.6723066
Cell39,Group2,Batch1,6.8326244,-8.697829
Cell40,Group3,Batch1,-0.07958798,9.545665
Cell41,Group3,Batch1,0.17576338,10.727762
Cell42,Group3,Batch1,-0.8855868,10.692023
Cell43,Group2,Batch1,6.4862533,-8.6332655
Cell44,Group4,Batch1,-8.774979,-0.789785
Cell45,Group3,Batch1,0.72591186,9.930195
Cell46,Group4,Batch1,-5.645151,0.362115
Cell47,Group3,Batch1,-1.5622689,10.332791
Cell48,Group2,Batch1,5.450214,-10.861037
Cell49,Group4,Batch1,-7.509744,-1.691358
Cell50,Group4,Batch1,-7.8869724,-2.076898
Cell51,Group2,Batch1,5.2405725,-8.317384
Cell52,Group3,Batch1,-1.2228675,11.364089
Cell53,Group3,Batch1,-0.26676226,9.81736
Cell54,Group2,Batch1,6.4280376,-8.025536
Cell55,Group2,Batch1,5.244252,-8.402866
Cell56,Group2,Batch1,6.9695463,-8.32683
Cell57,Group4,Batch1,-7.6711116,0.36309028
Cell58,Group2,Batch1,4.3354588,-9.807162
Cell59,Group4,Batch1,-7.9356594,-0.103400916
Cell60,Group3,Batch1,0.95964164,10.158447
Cell61,Group3,Batch1,0.9616487,10.867753
Cell62,Group2,Batch1,5.059332,-10.614254
Cell63,Group2,Batch1,7.5550127,-8.931217
Cell64,Group4,Batch1,-7.014641,-1.126549
Cell65,Group4,Batch1,-5.805314,0.16987757
Cell66,Group4,Batch1,-5.44462,-2.2586527
Cell67,Group4,Batch1,-8.975404,-1.4468714
Cell68,Group1,Batch1,12.227694,4.6662946
Cell69,Group4,Batch1,-4.862975,-1.4735405
Cell70,Group2,Batch1,7.061567,-9.244733
Cell71,Group3,Batch1,-1.6080209,10.325982
Cell72,Group2,Batch1,5.2475533,-9.809981
Cell73,Group4,Batch1,-8.335639,-0.61826706
Cell74,Group2,Batch1,6.9009624,-7.449694
Cell75,Group3,Batch1,0.29702634,9.539108
Cell76,Group2,Batch1,5.1901445,-9.527161
Cell77,Group3,Batch1,0.6385728,11.10076
Cell78,Group3,Batch1,-1.0295578,9.263898
Cell79,Group3,Batch1,-1.9510745,11.085531
Cell80,Group2,Batch1,5.4973435,-9.680948
Cell81,Group4,Batch1,-8.688219,-0.8188427
Cell82,Group2,Batch1,4.4854507,-8.864579
Cell83,Group2,Batch1,6.191135,-9.813724
Cell84,Group3,Batch1,-0.15433437,10.035343
Cell85,Group2,Batch1,5.895573,-10.710765
Cell86,Group4,Batch1,-6.072216,0.057248153
Cell87,Group3,Batch1,0.27691713,11.077583
Cell88,Group4,Batch1,-7.125277,0.0026874153
Cell89,Group4,Batch1,-6.628275,-1.296661
Cell90,Group4,Batch1,-6.305034,0.09544272
Cell91,Group4,Batch1,-6.040654,-0.45771185
Cell92,Group4,Batch1,-7.6687346,-0.6102408
Cell93,Group4,Batch1,-7.548193,0.55777174
Cell94,Group2,Batch1,5.202686,-9.387616
Cell95,Group2,Batch1,5.8262095,-7.8016195
Cell96,Group4,Batch1,-7.046143,-1.5752835
Cell97,Group2,Batch1,4.7456017,-9.121369
Cell98,Group3,Batch1,0.5439467,8.9507475
Cell99,Group2,Batch1,6.4658012,-8.572045
Cell100,Group4,Batch1,-7.925186,0.33101556
Cell101,Group4,Batch1,-6.2010355,-0.122436196
Cell102,Group4,Batch1,-8.634982,-2.0718515
Cell103,Group4,Batch1,-5.707986,-1.2045768
Cell104,Group2,Batch1,6.750681,-9.313655
Cell105,Group2,Batch1,6.021927,-8.222819
Cell106,Group4,Batch1,-6.703542,-0.8777675
Cell107,Group4,Batch1,-6.2103148,-2.0512094
Cell108,Group2,Batch1,6.7938113,-8.619133
Cell109,Group3,Batch1,0.036600847,11.675435
Cell110,Group4,Batch1,-7.3534775,-0.008244686
Cell111,Group4,Batch1,-7.8896084,-1.2620337
Cell112,Group3,Batch1,-0.97367126,11.681915
Cell113,Group2,Batch1,4.3351746,-9.146036
Cell114,Group1,Batch1,12.5473175,4.836982
Cell115,Group2,Batch1,5.7864027,-7.746694
Cell116,Group2,Batch1,6.2313704,-8.013852
Cell117,Group2,Batch1,6.4641776,-10.113471
Cell118,Group4,Batch1,-8.431026,-0.4806907
Cell119,Group3,Batch1,-1.7238659,10.365326
Cell120,Group4,Batch1,-5.5703993,0.4819305
Cell121,Group2,Batch1,6.237947,-8.296831
Cell122,Group3,Batch1,-0.38317853,11.275652
Cell123,Group2,Batch1,4.5943017,-9.913773
Cell124,Group2,Batch1,5.942476,-7.239866
Cell125,Group2,Batch1,6.3395233,-8.250792
Cell126,Group4,Batch1,-6.5458198,0.29206926
Cell127,Group2,Batch1,5.5638456,-10.592863
Cell128,Group2,Batch1,6.26119,-7.9145513
Cell129,Group3,Batch1,0.0011954391,10.651163
Cell130,Group4,Batch1,-7.827518,-2.5276644
Cell131,Group2,Batch1,5.4059696,-7.7396173
Cell132,Group2,Batch1,4.6400423,-9.294548
Cell133,Group1,Batch1,12.553842,4.189296
Cell134,Group2,Batch1,6.9866724,-8.177903
Cell135,Group4,Batch1,-8.0134945,-2.2417474
Cell136,Group3,Batch1,-0.53995943,11.22826
Cell137,Group4,Batch1,-6.407275,-0.06255907
Cell138,Group4,Batch1,-7.6407247,-0.069510885
Cell139,Group4,Batch1,-8.241141,-1.3352513
Cell140,Group3,Batch1,-0.27918705,10.44955
Cell141,Group3,Batch1,-0.17618713,10.454835
Cell142,Group3,Batch1,-2.0602684,10.271121
Cell143,Group4,Batch1,-8.465944,0.112145625
Cell144,Group3,Batch1,-0.3993956,9.331056
Cell145,Group4,Batch1,-7.5061436,-0.5844285
Cell146,Group1,Batch1,12.865749,4.9008436
Cell147,Group4,Batch1,-7.3973055,-0.65050197
Cell148,Group1,Batch1,13.192185,3.7005947
Cell149,Group1,Batch1,13.349861,3.6950104
Cell150,Group4,Batch1,-8.326235,-1.4184823
Cell151,Group4,Batch1,-6.766903,-2.6027722
Cell152,Group2,Batch1,6.289122,-8.580526
Cell153,Group3,Batch1,-1.7893586,10.656741
Cell154,Group2,Batch1,5.9715743,-9.803539
Cell155,Group2,Batch1,6.519075,-8.988249
Cell156,Group1,Batch1,12.335679,4.5552483
Cell157,Group1,Batch1,12.720556,4.7105126
Cell158,Group4,Batch1,-5.416214,-0.97230196
Cell159,Group3,Batch1,-0.01568792,10.257802
Cell160,Group2,Batch1,6.6695423,-8.830302
Cell161,Group2,Batch1,5.6446786,-9.278611
Cell162,Group4,Batch1,-7.7133975,-0.38285202
Cell163,Group2,Batch1,5.8582664,-10.581399
Cell164,Group3,Batch1,-0.33707297,11.848224
Cell165,Group3,Batch1,-1.7849,9.382066
Cell166,Group1,Batch1,13.255118,4.2752786
Cell167,Group2,Batch1,4.864356,-10.297839
Cell168,Group2,Batch1,5.871706,-7.281829
Cell169,Group4,Batch1,-8.253131,-1.2623994
Cell170,Group2,Batch1,5.9425774,-8.354623
Cell171,Group3,Batch1,0.4735872,9.281895
Cell172,Group3,Batch1,-1.2953224,10.608225
Cell173,Group3,Batch1,0.030017367,9.696851
Cell174,Group3,Batch1,-2.0600905,9.556081
Cell175,Group2,Batch1,6.132292,-10.583299
Cell176,Group3,Batch1,-0.9524607,10.511558
Cell177,Group2,Batch1,6.003445,-7.1208415
Cell178,Group2,Batch1,7.0541596,-7.658168
Cell179,Group4,Batch1,-7.0035405,0.07475288
Cell180,Group4,Batch1,-6.98852,-1.8019621
Cell181,Group2,Batch1,5.751659,-9.025521
Cell182,Group4,Batch1,-5.436683,-1.4769722
Cell183,Group3,Batch1,-1.3079897,11.433996
Cell184,Group4,Batch1,-6.557781,-2.38615
Cell185,Group3,Batch1,-0.45081043,10.751585
Cell186,Group4,Batch1,-7.755593,-1.7126979
Cell187,Group2,Batch1,7.5267997,-8.686705
Cell188,Group3,Batch1,0.5688213,10.746439
Cell189,Group2,Batch1,5.044718,-10.075251
Cell190,Group2,Batch1,6.3814487,-7.7503138
Cell191,Group4,Batch1,-7.825241,-1.6319495
Cell192,Group2,Batch1,6.555682,-9.494869
Cell193,Group2,Batch1,4.954714,-9.364504
Cell194,Group4,Batch1,-7.149456,-2.972672
Cell195,Group2,Batch1,5.7155776,-7.271035
Cell196,Group4,Batch1,-6.9705787,0.20747472
Cell197,Group2,Batch1,5.212656,-10.384414
Cell198,Group2,Batch1,5.0325623,-9.268076
Cell199,Group2,Batch1,4.788978,-7.9520836
Cell200,Group3,Batch1,-0.727047,9.777358
Cell201,Group4,Batch1,-8.278885,0.16436426
Cell202,Group4,Batch1,-6.845376,-0.77026916
Cell203,Group2,Batch1,4.939527,-8.082601
Cell204,Group3,Batch1,-0.79279745,9.843079
Cell205,Group1,Batch1,12.591792,4.4190717
Cell206,Group2,Batch1,4.9422984,-8.451644
Cell207,Group4,Batch1,-4.9723887,-1.4704672
Cell208,Group3,Batch1,-0.3655939,10.96774
Cell209,Group3,Batch1,-0.45876867,11.714905
Cell210,Group3,Batch1,0.1801,9.509039
Cell211,Group4,Batch1,-7.2148805,0.6329199
Cell212,Group4,Batch1,-8.395253,-0.5658804
Cell213,Group4,Batch1,-5.827256,0.011894389
Cell214,Group2,Batch1,5.696976,-8.080349
Cell215,Group4,Batch1,-4.818326,-0.755952
Cell216,Group4,Batch1,-5.6691146,-2.6438136
Cell217,Group2,Batch1,4.7399726,-9.7473345
Cell218,Group2,Batch1,4.846759,-7.8289704
Cell219,Group4,Batch1,-6.0799556,-1.1941115
Cell220,Group2,Batch1,6.901258,-8.25107
Cell221,Group4,Batch1,-6.96503,-1.384679
Cell222,Group2,Batch1,5.354907,-7.9739614
Cell223,Group4,Batch1,-5.381376,-0.89168364
Cell224,Group4,Batch1,-7.279499,-2.8702073
Cell225,Group3,Batch1,0.029069517,9.122538
Cell226,Group4,Batch1,-5.8517675,0.54625213
Cell227,Group4,Batch1,-5.281337,-1.0520142
Cell228,Group3,Batch1,-1.5475398,11.12658
Cell229,Group2,Batch1,4.8980255,-9.084065
Cell230,Group4,Batch1,-8.46368,-1.5510173
Cell231,Group4,Batch1,-7.0729337,-1.9481745
Cell232,Group4,Batch1,-5.566371,-1.4618447
Cell233,Group4,Batch1,-5.898527,0.9297749
Cell234,Group4,Batch1,-5.160587,-1.4104079
Cell235,Group3,Batch1,-0.9843868,11.314816
Cell236,Group4,Batch1,-7.083118,-2.364952
Cell237,Group4,Batch1,-6.3726387,-0.9090959
Cell238,Group2,Batch1,5.496417,-8.134
Cell239,Group4,Batch1,-7.0690093,0.55237395
Cell240,Group2,Batch1,6.7162895,-9.710821
Cell241,Group2,Batch1,6.8946204,-9.048293
Cell242,Group2,Batch1,5.5976505,-7.105996
Cell243,Group3,Batch1,-0.7891182,8.851853
Cell244,Group2,Batch1,5.123843,-10.295722
Cell245,Group4,Batch1,-5.1480746,-1.5095335
Cell246,Group3,Batch1,-0.10615698,9.776772
Cell247,Group4,Batch1,-7.280548,-0.51581335
Cell248,Group4,Batch1,-6.6086473,-0.33592787
Cell249,Group2,Batch1,4.684211,-8.002269
Cell250,Group4,Batch1,-6.0294876,1.0056543
Cell251,Group4,Batch1,-8.0151825,-1.2772918
Cell252,Group2,Batch1,5.2606125,-9.591702
Cell253,Group4,Batch1,-5.931485,-1.4166709
Cell254,Group2,Batch1,7.220084,-8.232184
Cell255,Group4,Batch1,-5.5574794,-1.0949426
Cell256,Group1,Batch1,13.1742325,3.838459
Cell257,Group3,Batch1,0.3068379,11.4361725
Cell258,Group3,Batch1,-0.27754554,10.623014
Cell259,Group2,Batch1,5.509374,-8.540605
Cell260,Group2,Batch1,7.123267,-9.700329
Cell261,Group2,Batch1,6.0738516,-9.071017
Cell262,Group4,Batch1,-4.9835234,-1.173694
Cell263,Group1,Batch1,12.578778,3.4986908
Cell264,Group4,Batch1,-8.283643,-1.4722174
Cell265,Group2,Batch1,4.8887897,-8.445918
Cell266,Group2,Batch1,5.2225413,-7.9760523
Cell267,Group3,Batch1,-0.28758854,11.4598
Cell268,Group4,Batch1,-4.944509,-0.5864174
Cell269,Group2,Batch1,5.4077177,-10.187369
Cell270,Group3,Batch1,-0.76805943,9.748641
Cell271,Group4,Batch1,-5.365172,-1.5986861
Cell272,Group4,Batch1,-6.2738853,-0.048924603
Cell273,Group1,Batch1,12.511538,4.849839
Cell274,Group2,Batch1,5.914525,-9.961323
Cell275,Group3,Batch1,-0.5706783,9.075826
Cell276,Group2,Batch1,4.952532,-7.450072
Cell277,Group3,Batch1,-1.2759032,11.394084
Cell278,Group4,Batch1,-8.463936,-1.8282516
Cell279,Group2,Batch1,6.185978,-10.64134
Cell280,Group4,Batch1,-8.111054,-1.5383732
Cell281,Group3,Batch1,-1.2814054,10.18125
Cell282,Group3,Batch1,-1.0831101,9.037122
Cell283,Group3,Batch1,0.013792499,9.928322
Cell284,Group4,Batch1,-6.021969,-2.2474496
Cell285,Group3,Batch1,-0.8655947,9.128911
Cell286,Group3,Batch1,-1.4241601,10.126371
Cell287,Group4,Batch1,-6.248584,-1.559585
Cell288,Group4,Batch1,-8.219977,-1.0560223
Cell289,Group2,Batch1,5.1739335,-10.11443
Cell290,Group3,Batch1,0.33982694,11.502473
Cell291,Group2,Batch1,5.0620217,-8.008334
Cell292,Group2,Batch1,5.98423,-9.066034
Cell293,Group4,Batch1,-7.8443274,-1.8195658
Cell294,Group2,Batch1,6.8230376,-9.024914
Cell295,Group3,Batch1,1.0323913,10.359793
Cell296,Group3,Batch1,-1.2843843,9.970129
Cell297,Group2,Batch1,5.9312034,-9.246435
Cell298,Group2,Batch1,4.689862,-9.316969
Cell299,Group4,Batch1,-8.351791,-1.918499
Cell300,Group4,Batch1,-5.705777,0.056050505
Cell301,Group3,Batch1,0.34612823,9.212039
Cell302,Group4,Batch1,-8.829757,-0.99131435
Cell303,Group4,Batch1,-6.955946,-0.58962786
Cell304,Group4,Batch1,-6.788321,-0.34117493
Cell305,Group3,Batch1,0.7767252,10.01567
Cell306,Group3,Batch1,-1.6504884,9.881653
Cell307,Group3,Batch1,-0.107527874,11.619933
Cell308,Group4,Batch1,-6.685129,0.3250017
Cell309,Group4,Batch1,-5.650053,-0.13089056
Cell310,Group3,Batch1,-0.656595,10.524123
Cell311,Group4,Batch1,-6.9510865,-2.3166585
Cell312,Group2,Batch1,4.671501,-10.165339
Cell313,Group2,Batch1,5.6663995,-8.660901
Cell314,Group3,Batch1,0.52768195,11.096106
Cell315,Group3,Batch1,-1.091737,9.569889
Cell316,Group4,Batch1,-6.067905,0.44510987
Cell317,Group4,Batch1,-7.7272716,-1.4437003
Cell318,Group3,Batch1,-0.55985934,11.624354
Cell319,Group4,Batch1,-7.2066817,0.37478572
Cell320,Group2,Batch1,4.982833,-9.53763
Cell321,Group4,Batch1,-7.4814954,-2.0936277
Cell322,Group4,Batch1,-6.2599998,0.0016065219
Cell323,Group3,Batch1,-1.3439374,11.888927
Cell324,Group2,Batch1,5.071538,-10.255279
Cell325,Group2,Batch1,6.3839006,-8.905711
Cell326,Group3,Batch1,-0.96852475,11.639796
Cell327,Group3,Batch1,0.8003873,10.316066
Cell328,Group2,Batch1,6.057713,-9.626328
Cell329,Group4,Batch1,-6.417724,-2.9478433
Cell330,Group4,Batch1,-7.770596,-2.2928257
Cell331,Group2,Batch1,6.0907755,-8.267237
Cell332,Group4,Batch1,-5.8872957,-1.3881342
Cell333,Group2,Batch1,5.014375,-8.766753
Cell334,Group2,Batch1,5.7192645,-9.551844
Cell335,Group2,Batch1,5.3598194,-7.9284797
Cell336,Group1,Batch1,12.929194,3.7159421
Cell337,Group4,Batch1,-8.075118,0.116229065
Cell338,Group4,Batch1,-6.719494,-0.051049978
Cell339,Group3,Batch1,-2.2038436,10.305194
Cell340,Group4,Batch1,-5.557024,-0.012420905
Cell341,Group2,Batch1,6.1465836,-9.923257
Cell342,Group1,Batch1,12.034664,4.444018
Cell343,Group2,Batch1,4.2693934,-8.91226
Cell344,Group2,Batch1,5.2877035,-7.7327366
Cell345,Group4,Batch1,-4.9771414,-0.5909106
Cell346,Group4,Batch1,-6.7666607,-0.3078849
Cell347,Group4,Batch1,-7.71742,-0.78147763
Cell348,Group4,Batch1,-6.927828,-2.1660018
Cell349,Group4,Batch1,-8.820445,-1.4535717
Cell350,Group3,Batch1,-0.53570473,9.787883
Cell351,Group2,Batch1,5.3779593,-9.666563
Cell352,Group3,Batch1,-0.3428466,11.564376
Cell353,Group4,Batch1,-6.943361,-0.725195
Cell354,Group4,Batch1,-6.088275,-0.12523143
Cell355,Group4,Batch1,-5.513842,-1.8427503
Cell356,Group2,Batch1,6.278908,-10.1507635
Cell357,Group2,Batch1,6.5003495,-8.759155
Cell358,Group2,Batch1,4.7051797,-7.395294
Cell359,Group1,Batch1,13.27627,4.559933
Cell360,Group4,Batch1,-6.7243967,-1.737678
Cell361,Group4,Batch1,-7.370238,0.30767792
Cell362,Group4,Batch1,-7.144246,0.63365537
Cell363,Group4,Batch1,-7.426385,-1.0890231
Cell364,Group3,Batch1,-1.7881126,10.028315
Cell365,Group4,Batch1,-5.5979624,-1.5609818
Cell366,Group2,Batch1,5.59953,-7.0360174
Cell367,Group4,Batch1,-6.024904,-0.78883
Cell368,Group4,Batch1,-5.932159,-0.31383228
Cell369,Group2,Batch1,6.513506,-9.89505
Cell370,Group2,Batch1,5.7539344,-8.116368
Cell371,Group4,Batch1,-6.0059023,-1.7534454
Cell372,Group4,Batch1,-6.924204,-2.001509
Cell373,Group1,Batch1,13.1029415,3.6230679
Cell374,Group4,Batch1,-7.032731,-1.5903335
Cell375,Group4,Batch1,-6.5489535,-1.769308
Cell376,Group2,Batch1,6.604732,-8.918934
Cell377,Group2,Batch1,5.6051946,-10.219793
Cell378,Group4,Batch1,-7.6505013,-1.4865202
Cell379,Group3,Batch1,-0.5434634,11.967846
Cell380,Group2,Batch1,6.3073616,-7.7217216
Cell381,Group4,Batch1,-5.5557656,-2.4620721
Cell382,Group1,Batch1,13.041224,4.100842
Cell383,Group3,Batch1,0.65076375,10.699488
Cell384,Group3,Batch1,-0.60632294,10.047312
Cell385,Group4,Batch1,-5.224703,-0.084888995
Cell386,Group2,Batch1,6.6359544,-8.526732
Cell387,Group2,Batch1,5.136821,-8.406035
Cell388,Group4,Batch1,-8.48951,-1.8082792
Cell389,Group4,Batch1,-8.0823345,-1.3613834
Cell390,Group1,Batch1,13.268234,4.910741
Cell391,Group4,Batch1,-7.9690213,-0.9019975
Cell392,Group2,Batch1,6.1908193,-9.262694
Cell393,Group2,Batch1,5.374379,-8.041339
Cell394,Group4,Batch1,-7.7174096,0.21066056
Cell395,Group4,Batch1,-7.5839133,0.006763819
Cell396,Group3,Batch1,-0.025668463,8.751379
Cell397,Group4,Batch1,-7.219383,1.0847392
Cell398,Group4,Batch1,-6.23875,-0.3444196
Cell399,Group2,Batch1,5.768376,-9.300799
Cell400,Group4,Batch1,-6.6602526,-0.7636435
Cell401,Group3,Batch1,-0.90427583,10.999777
Cell402,Group3,Batch1,0.75108075,11.311919
Cell403,Group2,Batch1,7.341839,-8.752418
Cell404,Group2,Batch1,4.8111534,-8.569689
Cell405,Group3,Batch1,-1.17448,10.453514
Cell406,Group4,Batch1,-7.2735877,-1.5556347
Cell407,Group2,Batch1,5.327143,-7.8776913
Cell408,Group2,Batch1,5.7109556,-9.114573
Cell409,Group3,Batch1,-0.19516419,9.662142
Cell410,Group4,Batch1,-7.2247853,-2.2838252
Cell411,Group2,Batch1,5.997773,-7.4394054
Cell412,Group3,Batch1,0.43236855,9.564504
Cell413,Group3,Batch1,0.6135546,11.663559
Cell414,Group2,Batch1,5.160043,-10.005732
Cell415,Group3,Batch1,-1.2746187,10.992337
Cell416,Group2,Batch1,5.3081384,-9.940819
Cell417,Group4,Batch1,-6.6233735,0.10991162
Cell418,Group4,Batch1,-7.404717,0.5446402
Cell419,Group3,Batch1,-1.7946874,10.695061
Cell420,Group4,Batch1,-7.6884766,-1.6079067
Cell421,Group3,Batch1,-0.6689677,10.153769
Cell422,Group4,Batch1,-7.1017756,-0.37261492
Cell423,Group3,Batch1,-0.94814557,11.690557
Cell424,Group2,Batch1,6.462735,-9.424822
Cell425,Group4,Batch1,-6.7586193,-2.4721625
Cell426,Group2,Batch1,5.005608,-9.248109
Cell427,Group2,Batch1,5.4539647,-7.471146
Cell428,Group3,Batch1,-0.4347714,11.036927
Cell429,Group3,Batch1,0.28657803,11.244106
Cell430,Group1,Batch1,13.124881,3.7569134
Cell431,Group3,Batch1,-1.3724757,11.220399
Cell432,Group4,Batch1,-6.015013,0.47451726
Cell433,Group4,Batch1,-5.8821955,-0.41030377
Cell434,Group4,Batch1,-5.0447545,-0.066928424
Cell435,Group2,Batch1,6.392482,-9.983492
Cell436,Group3,Batch1,-1.8141738,10.177472
Cell437,Group4,Batch1,-6.0846353,-0.93122303
Cell438,Group2,Batch1,6.366541,-8.765923
Cell439,Group1,Batch1,13.258115,4.483274
Cell440,Group3,Batch1,-0.9840711,11.568719
Cell441,Group3,Batch1,-1.131943,11.313913
Cell442,Group3,Batch1,0.63546646,9.520992
Cell443,Group4,Batch1,-7.744191,-1.1328456
Cell444,Group4,Batch1,-8.136725,-1.3912213
Cell445,Group4,Batch1,-7.6681156,-1.8131672
Cell446,Group3,Batch1,-0.62473583,10.887772
Cell447,Group2,Batch1,5.438625,-9.13999
Cell448,Group4,Batch1,-8.089768,-0.33773398
Cell449,Group4,Batch1,-7.408243,0.08727442
Cell450,Group3,Batch1,-0.60650116,10.780704
Cell451,Group4,Batch1,-5.1321163,0.023528745
Cell452,Group3,Batch1,-1.7664495,11.097479
Cell453,Group2,Batch1,4.8195324,-8.817743
Cell454,Group2,Batch1,7.078195,-8.367165
Cell455,Group4,Batch1,-7.161374,-3.1632497
Cell456,Group3,Batch1,-0.01911251,10.085497
Cell457,Group1,Batch1,12.360878,4.559568
Cell458,Group4,Batch1,-5.686469,-0.8710977
Cell459,Group4,Batch1,-7.8016157,-2.5740554
Cell460,Group4,Batch1,-5.1501245,-0.62337756
Cell461,Group4,Batch1,-8.206763,-0.16394073
Cell462,Group4,Batch1,-8.027558,-1.2001001
Cell463,Group4,Batch1,-6.6037765,-0.26279727
Cell464,Group1,Batch1,12.95534,4.087492
Cell465,Group4,Batch1,-7.3582096,-0.77976584
Cell466,Group3,Batch1,-0.46384528,11.313254
Cell467,Group4,Batch1,-7.57369,-1.8198895
Cell468,Group4,Batch1,-5.41637,-2.0311484
Cell469,Group4,Batch1,-6.3573637,-0.9095302
Cell470,Group3,Batch1,-0.8615879,9.162233
Cell471,Group3,Batch1,-1.306167,10.9727955
Cell472,Group2,Batch1,6.981669,-7.618637
Cell473,Group3,Batch1,0.8068451,9.990075
Cell474,Group3,Batch1,-1.0482377,10.4955225
Cell475,Group3,Batch1,-1.424742,11.727882
Cell476,Group4,Batch1,-7.120006,0.8546206
Cell477,Group4,Batch1,-5.9316216,-1.7094693
Cell478,Group2,Batch1,6.207229,-10.274842
Cell479,Group3,Batch1,-0.3960831,10.548687
Cell480,Group4,Batch1,-5.3594117,0.18075506
Cell481,Group4,Batch1,-6.4013815,-2.914489
Cell482,Group2,Batch1,4.87437,-9.216032
Cell483,Group3,Batch1,0.6275909,10.646588
Cell484,Group4,Batch1,-8.797608,-1.2059513
Cell485,Group4,Batch1,-6.969875,0.19952098
Cell486,Group3,Batch1,0.39960128,10.905378
Cell487,Group3,Batch1,0.63517976,11.0722
Cell488,Group4,Batch1,-6.0441813,-2.0916662
Cell489,Group2,Batch1,6.9817157,-9.032379
Cell490,Group3,Batch1,-0.7701066,9.360767
Cell491,Group2,Batch1,6.517449,-7.473191
Cell492,Group4,Batch1,-6.999062,1.106611
Cell493,Group3,Batch1,0.44834405,10.984037
Cell494,Group1,Batch1,12.908241,4.4202065
Cell495,Group3,Batch1,-0.908294,9.918492
Cell496,Group4,Batch1,-5.9876537,-1.8251071
Cell497,Group2,Batch1,4.913463,-9.485576
Cell498,Group2,Batch1,7.0080576,-8.335717
Cell499,Group4,Batch1,-6.9240165,0.55277663
Cell500,Group2,Batch1,5.1182656,-7.4918385
Cell501,Group2,Batch2,6.654186,-9.542586
Cell502,Group4,Batch2,-8.389502,-2.004939
Cell503,Group2,Batch2,5.5661216,-8.196523
Cell504,Group4,Batch2,-8.138048,-1.319672
Cell505,Group4,Batch2,-6.222886,-1.5961252
Cell506,Group2,Batch2,5.417867,-9.3558
Cell507,Group4,Batch2,-7.156049,-1.2344393
Cell508,Group3,Batch2,0.5881013,11.490135
Cell509,Group3,Batch2,-0.40374836,10.405236
Cell510,Group4,Batch2,-6.926214,0.32226247
Cell511,Group3,Batch2,-0.21421939,9.694268
Cell512,Group2,Batch2,7.296386,-8.014762
Cell513,Group4,Batch2,-4.9338107,-0.63792044
Cell514,Group4,Batch2,-6.034606,0.70860213
Cell515,Group2,Batch2,5.9329505,-7.8268514
Cell516,Group2,Batch2,5.4327927,-8.297204
Cell517,Group4,Batch2,-6.4253645,0.2760763
Cell518,Group2,Batch2,5.759731,-9.995039
Cell519,Group3,Batch2,0.24755749,8.946865
Cell520,Group4,Batch2,-7.5669765,-1.0409895
Cell521,Group4,Batch2,-8.579832,-0.7387073
Cell522,Group4,Batch2,-6.357319,-0.4080339
Cell523,Group4,Batch2,-7.156159,-0.4618656
Cell524,Group2,Batch2,6.388188,-9.766547
Cell525,Group2,Batch2,5.3833723,-7.7157106
Cell526,Group3,Batch2,0.34452406,11.035283
Cell527,Group1,Batch2,12.376804,4.4977965
Cell528,Group3,Batch2,-0.20464984,11.577247
Cell529,Group2,Batch2,6.3114004,-10.697673
Cell530,Group4,Batch2,-6.673782,1.0099039
Cell531,Group3,Batch2,-0.28816795,10.324797
Cell532,Group4,Batch2,-5.9328914,0.50720114
Cell533,Group1,Batch2,13.100825,5.048046
Cell534,Group4,Batch2,-5.3462563,-0.7104509
Cell535,Group4,Batch2,-8.626982,-0.7077629
Cell536,Group1,Batch2,12.240786,4.039292
Cell537,Group2,Batch2,4.8288646,-9.948192
Cell538,Group3,Batch2,-1.0010989,9.85801
Cell539,Group4,Batch2,-6.15391,0.09643648
Cell540,Group4,Batch2,-7.4757447,-2.3442779
Cell541,Group4,Batch2,-6.953157,-1.1456535
Cell542,Group4,Batch2,-5.962624,-2.799638
Cell543,Group4,Batch2,-5.4051623,-0.62847036
Cell544,Group2,Batch2,5.3716063,-9.304304
Cell545,Group4,Batch2,-6.3985534,-0.35665905
Cell546,Group4,Batch2,-7.806948,-0.5073951
Cell547,Group2,Batch2,6.1470375,-7.5036654
Cell548,Group4,Batch2,-8.202224,-1.9704632
Cell549,Group2,Batch2,7.289844,-9.620078
Cell550,Group1,Batch2,13.529853,3.96369
Cell551,Group3,Batch2,-0.099210866,9.109754
Cell552,Group3,Batch2,-0.7139915,11.429732
Cell553,Group3,Batch2,0.5266819,10.700371
Cell554,Group2,Batch2,4.0765038,-9.12048
Cell555,Group2,Batch2,4.6255484,-9.939171
Cell556,Group4,Batch2,-8.209431,-0.30315945
Cell557,Group4,Batch2,-7.13465,-2.4658391
Cell558,Group3,Batch2,0.6448822,9.800482
Cell559,Group3,Batch2,-0.31300032,11.441504
Cell560,Group2,Batch2,5.9668126,-10.160987
Cell561,Group3,Batch2,0.563664,10.339672
Cell562,Group4,Batch2,-6.727891,0.014407481
Cell563,Group3,Batch2,0.22444679,10.611639
Cell564,Group4,Batch2,-7.2772346,0.092300706
Cell565,Group3,Batch2,0.45277444,10.279355
Cell566,Group2,Batch2,7.04464,-7.500708
Cell567,Group1,Batch2,12.926669,4.365906
Cell568,Group2,Batch2,5.483424,-8.944905
Cell569,Group4,Batch2,-6.3484416,0.36011475
Cell570,Group4,Batch2,-5.430387,-1.7837278
Cell571,Group4,Batch2,-7.5063252,-1.7142082
Cell572,Group3,Batch2,-1.0710591,11.067241
Cell573,Group4,Batch2,-6.939597,-2.9574661
Cell574,Group4,Batch2,-6.797872,0.798818
Cell575,Group3,Batch2,-1.3263876,9.242596
Cell576,Group4,Batch2,-5.6694007,-1.6877002
Cell577,Group4,Batch2,-7.0406604,-0.30450904
Cell578,Group4,Batch2,-5.459097,-0.6658381
Cell579,Group3,Batch2,-1.662366,11.408856
Cell580,Group2,Batch2,5.935889,-9.623521
Cell581,Group4,Batch2,-7.1061864,-1.3557874
Cell582,Group1,Batch2,13.107894,4.5275865
Cell583,Group4,Batch2,-7.6897855,-1.7114452
Cell584,Group2,Batch2,6.004085,-9.218997
Cell585,Group2,Batch2,7.061487,-8.748629
Cell586,Group4,Batch2,-6.8684726,-2.171319
Cell587,Group2,Batch2,6.0497646,-8.727532
Cell588,Group4,Batch2,-5.0079727,-0.93505764
Cell589,Group3,Batch2,-1.5145909,9.111762
Cell590,Group3,Batch2,-1.5110967,11.203304
Cell591,Group2,Batch2,7.1245494,-8.749512
Cell592,Group4,Batch2,-7.018092,-0.17076042
Cell593,Group2,Batch2,5.4323196,-8.790564
Cell594,Group4,Batch2,-7.4126186,0.45319256
Cell595,Group3,Batch2,-0.6854452,9.5248575
Cell596,Group3,Batch2,0.2617289,12.03318
Cell597,Group4,Batch2,-5.933523,-0.67773116
Cell598,Group4,Batch2,-5.8496823,-0.48365328
Cell599,Group4,Batch2,-7.3417645,-0.91245437
Cell600,Group2,Batch2,5.5924463,-7.1303754
Cell601,Group4,Batch2,-7.130267,-0.3583856
Cell602,Group4,Batch2,-7.259039,-0.12041314
Cell603,Group3,Batch2,-1.439542,10.642689
Cell604,Group1,Batch2,12.185709,4.499931
Cell605,Group3,Batch2,-0.84284765,10.946676
Cell606,Group2,Batch2,4.4049525,-8.23528
Cell607,Group2,Batch2,6.492979,-9.323734
Cell608,Group2,Batch2,6.837949,-9.243377
Cell609,Group4,Batch2,-5.983869,0.457719
Cell610,Group1,Batch2,13.03185,4.344748
Cell611,Group4,Batch2,-6.271829,-1.13508
Cell612,Group2,Batch2,6.2196994,-9.237606
Cell613,Group3,Batch2,0.5355233,10.846259
Cell614,Group2,Batch2,4.4643097,-8.373589
Cell615,Group3,Batch2,-0.47835925,11.610208
Cell616,Group1,Batch2,13.2170105,3.7832177
Cell617,Group2,Batch2,6.628347,-10.045903
Cell618,Group2,Batch2,4.822172,-8.43339
Cell619,Group3,Batch2,-0.31809962,10.806104
Cell620,Group2,Batch2,6.76808,-10.241138
Cell621,Group4,Batch2,-8.421037,-1.0150251
Cell622,Group4,Batch2,-6.000673,0.5113789
Cell623,Group2,Batch2,6.470114,-7.930884
Cell624,Group2,Batch2,6.2229953,-8.023648
Cell625,Group3,Batch2,-1.5479158,10.788221
Cell626,Group1,Batch2,12.599819,3.9980989
Cell627,Group2,Batch2,6.226214,-7.351872
Cell628,Group4,Batch2,-7.6305346,-0.31750512
Cell629,Group4,Batch2,-6.932055,-1.9662249
Cell630,Group2,Batch2,6.3904114,-9.558022
Cell631,Group2,Batch2,5.5207653,-7.9720097
Cell632,Group2,Batch2,5.435232,-9.292012
Cell633,Group3,Batch2,-0.50542665,10.790705
Cell634,Group2,Batch2,4.9810867,-10.296223
Cell635,Group2,Batch2,5.3326693,-7.750956
Cell636,Group2,Batch2,6.759804,-7.536896
Cell637,Group3,Batch2,0.105164304,11.047133
Cell638,Group4,Batch2,-7.226967,-0.5823252
Cell639,Group2,Batch2,6.3364773,-7.1227527
Cell640,Group3,Batch2,-0.6673162,10.400659
Cell641,Group4,Batch2,-7.2290874,-0.82047915
Cell642,Group4,Batch2,-6.317492,0.8387289
Cell643,Group3,Batch2,0.46161148,11.67421
Cell644,Group4,Batch2,-6.0302844,-0.655355
Cell645,Group2,Batch2,6.3942122,-7.6211944
Cell646,Group4,Batch2,-6.494409,-1.2677321
Cell647,Group4,Batch2,-7.8635054,0.32644466
Cell648,Group2,Batch2,5.1539836,-9.615463
Cell649,Group4,Batch2,-4.819405,-1.1496847
Cell650,Group4,Batch2,-5.486754,-0.98906076
Cell651,Group2,Batch2,7.262845,-8.416433
Cell652,Group4,Batch2,-5.1186266,-1.1610913
Cell653,Group2,Batch2,6.426967,-10.312058
Cell654,Group4,Batch2,-8.393044,-2.0631843
Cell655,Group1,Batch2,12.136443,4.1416845
Cell656,Group4,Batch2,-5.5488334,0.5614888
Cell657,Group4,Batch2,-5.565554,-0.4559371
Cell658,Group3,Batch2,-1.7208666,11.31131
Cell659,Group3,Batch2,-1.2444936,11.618254
Cell660,Group4,Batch2,-7.3181987,0.80128044
Cell661,Group4,Batch2,-5.857597,-1.0933836
Cell662,Group4,Batch2,-7.356373,-2.5621052
Cell663,Group4,Batch2,-5.9677544,0.014055299
Cell664,Group3,Batch2,0.38582987,9.812449
Cell665,Group2,Batch2,4.960439,-10.173308
Cell666,Group4,Batch2,-6.1107163,-2.5946739
Cell667,Group4,Batch2,-7.250602,-1.7778937
Cell668,Group2,Batch2,5.3936353,-10.426278
Cell669,Group2,Batch2,4.860957,-9.809085
Cell670,Group2,Batch2,5.84697,-10.222251
Cell671,Group2,Batch2,6.848553,-9.810061
Cell672,Group3,Batch2,0.5509281,10.0526085
Cell673,Group3,Batch2,-1.4507972,10.592949
Cell674,Group2,Batch2,4.0535755,-8.647183
Cell675,Group4,Batch2,-7.490647,-2.4818578
Cell676,Group3,Batch2,-1.2106044,9.66777
Cell677,Group3,Batch2,0.65265423,10.099858
Cell678,Group4,Batch2,-7.3621283,-0.87510043
Cell679,Group4,Batch2,-8.548962,-0.2882629
Cell680,Group2,Batch2,5.478031,-10.191838
Cell681,Group4,Batch2,-6.3170724,-2.819956
Cell682,Group4,Batch2,-7.8455725,-0.15759216
Cell683,Group4,Batch2,-7.3470073,-1.6855947
Cell684,Group2,Batch2,6.454947,-8.083321
Cell685,Group4,Batch2,-6.8398395,0.9793074
Cell686,Group4,Batch2,-7.9872484,-1.4048865
Cell687,Group2,Batch2,6.573255,-10.493643
Cell688,Group2,Batch2,6.6389375,-7.4091854
Cell689,Group3,Batch2,-1.0032444,11.31029
Cell690,Group2,Batch2,5.9344645,-8.067569
Cell691,Group1,Batch2,13.0455065,3.711115
Cell692,Group4,Batch2,-7.414477,-2.715426
Cell693,Group4,Batch2,-7.9102497,0.266413
Cell694,Group1,Batch2,12.288758,4.584948
Cell695,Group2,Batch2,5.796694,-8.58027
Cell696,Group4,Batch2,-6.9883776,0.25243405
Cell697,Group2,Batch2,6.593318,-8.0063305
Cell698,Group4,Batch2,-7.1448364,-1.0979592
Cell699,Group2,Batch2,6.1008143,-8.750008
Cell700,Group4,Batch2,-8.022788,0.17549402
Cell701,Group4,Batch2,-5.0756545,-0.44172803
Cell702,Group2,Batch2,4.627673,-8.73693
Cell703,Group4,Batch2,-7.508299,0.5858788
Cell704,Group4,Batch2,-6.1857996,-0.75838095
Cell705,Group2,Batch2,7.078827,-8.9054165
Cell706,Group3,Batch2,0.5799097,10.508162
Cell707,Group3,Batch2,-0.34544188,10.245595
Cell708,Group4,Batch2,-6.732782,-1.6758095
Cell709,Group1,Batch2,13.633764,4.641898
Cell710,Group2,Batch2,4.5091887,-9.352809
Cell711,Group4,Batch2,-7.374919,1.0448972
Cell712,Group4,Batch2,-6.0893273,-0.816174
Cell713,Group3,Batch2,-1.2274923,10.567664
Cell714,Group4,Batch2,-6.396315,-0.4582408
Cell715,Group4,Batch2,-5.423598,-0.6779383
Cell716,Group4,Batch2,-6.799165,-1.9753863
Cell717,Group4,Batch2,-6.771159,-2.8071668
Cell718,Group2,Batch2,6.792121,-9.432047
Cell719,Group2,Batch2,6.672182,-9.89694
Cell720,Group4,Batch2,-7.8856072,-0.23860767
Cell721,Group1,Batch2,13.291188,4.0491824
Cell722,Group4,Batch2,-6.280642,-2.3390365
Cell723,Group3,Batch2,-0.3177198,11.033177
Cell724,Group2,Batch2,5.2131143,-9.192386
Cell725,Group2,Batch2,6.667773,-9.411638
Cell726,Group3,Batch2,-0.241855,10.385973
Cell727,Group4,Batch2,-6.4476366,-3.2391393
Cell728,Group4,Batch2,-6.4435463,-2.2474072
Cell729,Group4,Batch2,-7.1713986,0.8266138
Cell730,Group3,Batch2,-2.0369823,10.914173
Cell731,Group4,Batch2,-6.8677425,-3.0512984
Cell732,Group2,Batch2,6.7066517,-9.996022
Cell733,Group2,Batch2,6.082589,-8.824363
Cell734,Group2,Batch2,5.7009544,-8.830937
Cell735,Group4,Batch2,-7.2464437,-1.075986
Cell736,Group2,Batch2,6.566351,-8.198312
Cell737,Group3,Batch2,-0.78340775,11.441509
Cell738,Group4,Batch2,-7.2716265,-0.5719796
Cell739,Group2,Batch2,5.839235,-9.48604
Cell740,Group2,Batch2,5.785927,-7.0512395
Cell741,Group3,Batch2,-0.55152154,10.992688
Cell742,Group4,Batch2,-5.792077,-0.12775761
Cell743,Group3,Batch2,-0.5445071,10.6157055
Cell744,Group3,Batch2,-2.266716,10.199264
Cell745,Group2,Batch2,6.499369,-8.320664
Cell746,Group4,Batch2,-8.830628,-0.92347383
Cell747,Group3,Batch2,-1.3059331,10.316135
Cell748,Group3,Batch2,0.3180756,10.86332
Cell749,Group2,Batch2,5.9589934,-10.147287
Cell750,Group4,Batch2,-7.8976917,-0.025616927
Cell751,Group4,Batch2,-8.164436,-0.32677904
Cell752,Group3,Batch2,-1.6536405,9.650246
Cell753,Group2,Batch2,6.057077,-8.889135
Cell754,Group2,Batch2,5.1424623,-9.789818
Cell755,Group3,Batch2,1.0529256,10.346424
Cell756,Group4,Batch2,-7.090342,-0.2310731
Cell757,Group3,Batch2,-0.4633548,8.998187
Cell758,Group4,Batch2,-5.4797974,-1.5426363
Cell759,Group2,Batch2,5.9344335,-6.965469
Cell760,Group3,Batch2,0.33640712,11.012056
Cell761,Group2,Batch2,4.6855736,-9.679889
Cell762,Group4,Batch2,-6.809787,-1.836616
Cell763,Group4,Batch2,-8.083122,-2.0783846
Cell764,Group4,Batch2,-7.8265615,-2.510044
Cell765,Group2,Batch2,7.204176,-8.998001
Cell766,Group2,Batch2,6.2780747,-9.72123
Cell767,Group1,Batch2,13.208331,4.82343
Cell768,Group1,Batch2,12.835166,4.1639276
Cell769,Group3,Batch2,-1.521941,11.229094
Cell770,Group4,Batch2,-6.9455285,-0.73118126
Cell771,Group4,Batch2,-7.1233215,-1.5885285
Cell772,Group3,Batch2,-0.28662488,10.368147
Cell773,Group3,Batch2,-0.0806792,10.162222
Cell774,Group2,Batch2,5.340881,-9.428275
Cell775,Group3,Batch2,-0.7880652,10.084848
Cell776,Group4,Batch2,-6.3815427,-1.35868
Cell777,Group3,Batch2,-1.7310449,10.882597
Cell778,Group4,Batch2,-5.8614655,-1.3369933
Cell779,Group2,Batch2,5.7653375,-9.816182
Cell780,Group3,Batch2,0.10225809,9.127068
Cell781,Group4,Batch2,-6.809456,0.27265507
Cell782,Group4,Batch2,-8.456851,-1.7484859
Cell783,Group1,Batch2,12.676984,4.6549177
Cell784,Group3,Batch2,-1.629768,11.346051
Cell785,Group4,Batch2,-7.099261,-0.33764616
Cell786,Group3,Batch2,-1.516947,9.982285
Cell787,Group1,Batch2,13.619457,4.3553033
Cell788,Group2,Batch2,5.443994,-7.3963943
Cell789,Group2,Batch2,6.9943886,-8.01572
Cell790,Group1,Batch2,12.472783,3.9827032
Cell791,Group3,Batch2,-1.6003417,10.757879
Cell792,Group3,Batch2,0.35634813,10.078139
Cell793,Group4,Batch2,-5.9212027,-2.1264145
Cell794,Group2,Batch2,4.702873,-9.713479
Cell795,Group4,Batch2,-5.209105,-1.6632966
Cell796,Group3,Batch2,0.07989261,11.748039
Cell797,Group4,Batch2,-6.744615,-1.0055614
Cell798,Group2,Batch2,5.5877304,-8.404065
Cell799,Group4,Batch2,-5.520779,-2.3476176
Cell800,Group3,Batch2,-0.21767846,9.588266
Cell801,Group3,Batch2,-0.13588841,9.480207
Cell802,Group1,Batch2,12.568097,3.8115733
Cell803,Group4,Batch2,-7.9707212,-0.327464
Cell804,Group2,Batch2,5.1540074,-9.736466
Cell805,Group4,Batch2,-7.949972,0.62951326
Cell806,Group2,Batch2,5.64883,-9.279311
Cell807,Group2,Batch2,7.03664,-9.9828
Cell808,Group3,Batch2,-1.4044411,10.778441
Cell809,Group3,Batch2,-0.143099,10.506167
Cell810,Group4,Batch2,-5.4523735,0.08508085
Cell811,Group4,Batch2,-5.7422233,-2.7150238
Cell812,Group4,Batch2,-6.4726243,-2.9717388
Cell813,Group2,Batch2,5.1172905,-9.884166
Cell814,Group4,Batch2,-5.407513,-0.32611918
Cell815,Group4,Batch2,-7.1845813,0.42626214
Cell816,Group4,Batch2,-6.5611978,0.25741225
Cell817,Group2,Batch2,5.7578783,-9.42614
Cell818,Group4,Batch2,-6.592895,-0.69176906
Cell819,Group1,Batch2,13.695235,4.3940854
Cell820,Group3,Batch2,0.15318623,10.343496
Cell821,Group2,Batch2,6.081073,-9.781429
Cell822,Group2,Batch2,4.7968845,-9.7251215
Cell823,Group3,Batch2,0.44219238,10.584889
Cell824,Group2,Batch2,5.7848234,-9.305372
Cell825,Group3,Batch2,-0.79305136,11.649451
Cell826,Group4,Batch2,-6.1412992,-1.7666316
Cell827,Group3,Batch2,-0.28349274,9.690935
Cell828,Group4,Batch2,-5.9833384,-1.8551568
Cell829,Group4,Batch2,-5.074892,-0.68316954
Cell830,Group4,Batch2,-7.5427876,-0.24865626
Cell831,Group2,Batch2,7.370988,-9.247048
Cell832,Group4,Batch2,-5.8029675,0.39493328
Cell833,Group1,Batch2,13.563966,4.775241
Cell834,Group4,Batch2,-5.441542,-1.1653578
Cell835,Group4,Batch2,-7.9931417,-0.9771548
Cell836,Group3,Batch2,0.6033025,11.116373
Cell837,Group1,Batch2,12.710651,3.7495284
Cell838,Group4,Batch2,-6.7642727,-1.1073918
Cell839,Group4,Batch2,-8.061608,-1.194172
Cell840,Group2,Batch2,7.43459,-9.51782
Cell841,Group4,Batch2,-6.6148443,0.7343171
Cell842,Group3,Batch2,0.6444262,10.561801
Cell843,Group3,Batch2,-1.8032095,10.451141
Cell844,Group4,Batch2,-7.4171057,-0.4455421
Cell845,Group4,Batch2,-6.340786,0.046751793
Cell846,Group2,Batch2,6.4503546,-9.116514
Cell847,Group1,Batch2,12.728935,4.561005
Cell848,Group3,Batch2,0.7344423,11.195703
Cell849,Group2,Batch2,5.9374022,-9.346996
Cell850,Group4,Batch2,-6.87145,-1.3454018
Cell851,Group4,Batch2,-7.909034,-0.39566645
Cell852,Group4,Batch2,-5.692986,-0.97544926
Cell853,Group4,Batch2,-5.358913,-1.4888376
Cell854,Group4,Batch2,-7.7624235,-1.0605003
Cell855,Group3,Batch2,0.038919296,11.995579
Cell856,Group4,Batch2,-5.865378,-2.299159
Cell857,Group3,Batch2,-0.49481797,9.361133
Cell858,Group4,Batch2,-7.147215,0.55694276
Cell859,Group4,Batch2,-7.4976873,-1.0910335
Cell860,Group4,Batch2,-8.187417,-2.4894316
Cell861,Group3,Batch2,0.00752791,9.062022
Cell862,Group1,Batch2,12.664734,4.2076955
Cell863,Group2,Batch2,6.8655777,-9.719898
Cell864,Group4,Batch2,-7.861396,-2.337948
Cell865,Group2,Batch2,6.8764434,-9.591248
Cell866,Group2,Batch2,4.5914917,-8.057204
Cell867,Group3,Batch2,-1.6313227,9.604609
Cell868,Group3,Batch2,-1.6383505,9.934014
Cell869,Group3,Batch2,0.71038574,10.5438595
Cell870,Group4,Batch2,-6.746563,0.66080385
Cell871,Group4,Batch2,-6.0101485,-2.9474401
Cell872,Group2,Batch2,5.718724,-10.479
Cell873,Group4,Batch2,-5.501655,-0.8889358
Cell874,Group4,Batch2,-5.632412,-0.62834877
Cell875,Group4,Batch2,-7.731873,-0.2021857
Cell876,Group4,Batch2,-6.3617864,-2.27491
Cell877,Group2,Batch2,6.810472,-10.279378
Cell878,Group2,Batch2,7.1024084,-9.94774
Cell879,Group4,Batch2,-8.012987,-0.6466926
Cell880,Group3,Batch2,0.25471294,11.405142
Cell881,Group2,Batch2,5.777506,-10.027303
Cell882,Group4,Batch2,-5.715006,-2.2933807
Cell883,Group2,Batch2,7.265798,-8.869333
Cell884,Group4,Batch2,-7.5278206,-2.9009864
Cell885,Group3,Batch2,-0.46576267,9.141338
Cell886,Group4,Batch2,-6.0082183,-0.15214114
Cell887,Group4,Batch2,-6.669651,0.09172307
Cell888,Group3,Batch2,-1.1565111,10.532112
Cell889,Group2,Batch2,4.684276,-8.951979
Cell890,Group3,Batch2,-1.340996,9.453166
Cell891,Group4,Batch2,-6.778856,-1.8368902
Cell892,Group4,Batch2,-6.125749,-1.533595
Cell893,Group2,Batch2,4.939604,-10.415279
Cell894,Group4,Batch2,-6.583855,-2.4072196
Cell895,Group1,Batch2,13.4178505,3.8538387
Cell896,Group4,Batch2,-6.290945,-0.13726409
Cell897,Group4,Batch2,-8.233713,-0.2660215
Cell898,Group4,Batch2,-5.7014923,-2.2035484
Cell899,Group3,Batch2,-0.23990083,9.221498
Cell900,Group4,Batch2,-7.277758,-0.6643315
Cell901,Group3,Batch2,-1.8656039,10.899834
Cell902,Group2,Batch2,5.25204,-7.7493124
Cell903,Group3,Batch2,-1.5226394,9.846988
Cell904,Group4,Batch2,-7.2763433,-2.5163286
Cell905,Group3,Batch2,-1.4565992,10.491478
Cell906,Group2,Batch2,5.521625,-8.34254
Cell907,Group1,Batch2,12.843651,4.558763
Cell908,Group4,Batch2,-5.593723,-0.9256875
Cell909,Group4,Batch2,-6.1125307,-2.1557734
Cell910,Group2,Batch2,6.5040035,-9.999694
Cell911,Group4,Batch2,-6.458386,-2.8685136
Cell912,Group4,Batch2,-7.907758,-1.217106
Cell913,Group2,Batch2,7.353376,-8.945842
Cell914,Group2,Batch2,5.1997194,-8.820871
Cell915,Group2,Batch2,5.4407406,-8.853955
Cell916,Group4,Batch2,-7.7019854,0.46877328
Cell917,Group4,Batch2,-7.467056,-1.5309708
Cell918,Group2,Batch2,6.619048,-8.173042
Cell919,Group4,Batch2,-6.0725574,-2.0074673
Cell920,Group4,Batch2,-7.3016095,-0.6127795
Cell921,Group4,Batch2,-6.5640364,-2.7110634
Cell922,Group4,Batch2,-8.730287,-0.37941343
Cell923,Group2,Batch2,5.453323,-8.09584
Cell924,Group4,Batch2,-7.3216147,-2.8428829
Cell925,Group2,Batch2,5.059523,-8.282869
Cell926,Group2,Batch2,5.485534,-10.620924
Cell927,Group3,Batch2,0.8927741,10.42412
Cell928,Group3,Batch2,-1.1565539,9.705478
Cell929,Group2,Batch2,5.4285884,-9.867863
Cell930,Group4,Batch2,-8.767577,-0.8669018
Cell931,Group4,Batch2,-6.9505467,-2.9769065
Cell932,Group2,Batch2,4.6360135,-8.80819
Cell933,Group2,Batch2,5.659161,-8.301357
Cell934,Group4,Batch2,-8.311641,-1.940075
Cell935,Group3,Batch2,-0.4765204,11.612867
Cell936,Group3,Batch2,-0.22305855,10.983324
Cell937,Group3,Batch2,-1.7354977,10.84494
Cell938,Group3,Batch2,1.07333,9.665307
Cell939,Group1,Batch2,13.2665415,4.6736374
Cell940,Group4,Batch2,-6.9166217,-0.057066236
Cell941,Group2,Batch2,7.328636,-9.183933
Cell942,Group3,Batch2,-0.7020232,11.202713
Cell943,Group4,Batch2,-5.824066,-0.00050849124
Cell944,Group4,Batch2,-6.5448627,-1.0569485
Cell945,Group4,Batch2,-5.194103,-1.9513178
Cell946,Group4,Batch2,-8.090209,-0.0017579722
Cell947,Group1,Batch2,12.41263,4.421236
Cell948,Group4,Batch2,-6.7504916,-0.6621874
Cell949,Group2,Batch2,5.4666076,-10.163357
Cell950,Group2,Batch2,4.783156,-9.50836
Cell951,Group3,Batch2,-1.5648872,9.739171
Cell952,Group4,Batch2,-5.8087964,-1.7002531
Cell953,Group2,Batch2,5.3459454,-10.664815
Cell954,Group3,Batch2,-1.9740905,10.526779
Cell955,Group2,Batch2,5.841622,-9.800203
Cell956,Group3,Batch2,0.09726333,10.056877
Cell957,Group3,Batch2,-0.31865096,10.994307
Cell958,Group2,Batch2,6.0618496,-9.275747
Cell959,Group4,Batch2,-6.7890105,-1.4727713
Cell960,Group4,Batch2,-7.2779813,-1.4571627
Cell961,Group4,Batch2,-5.8063235,-2.354248
Cell962,Group4,Batch2,-7.1945634,-1.7485707
Cell963,Group3,Batch2,0.79669803,9.991894
Cell964,Group4,Batch2,-6.5857186,-2.613773
Cell965,Group2,Batch2,6.5198927,-8.310018
Cell966,Group3,Batch2,0.30839905,10.600677
Cell967,Group4,Batch2,-5.991236,0.406234
Cell968,Group2,Batch2,6.0934005,-9.707264
Cell969,Group4,Batch2,-7.776734,-1.605301
Cell970,Group4,Batch2,-6.266623,0.23808844
Cell971,Group4,Batch2,-6.8377185,-0.64098537
Cell972,Group2,Batch2,5.6357784,-10.068833
Cell973,Group2,Batch2,5.414843,-8.354172
Cell974,Group4,Batch2,-5.940532,-1.1417905
Cell975,Group4,Batch2,-5.3505816,-1.9949975
Cell976,Group3,Batch2,-0.15737669,11.487406
Cell977,Group4,Batch2,-6.478444,-0.65021247
Cell978,Group2,Batch2,6.9883733,-9.74176
Cell979,Group4,Batch2,-7.5619497,0.4946203
Cell980,Group4,Batch2,-8.187679,-1.6602095
Cell981,Group2,Batch2,6.0710435,-8.047734
Cell982,Group2,Batch2,5.880743,-9.308803
Cell983,Group4,Batch2,-6.586982,-2.8171933
Cell984,Group2,Batch2,5.724463,-8.861812
Cell985,Group4,Batch2,-6.011629,0.45917377
Cell986,Group1,Batch2,13.09388,3.7030795
Cell987,Group3,Batch2,-0.20499992,11.455866
Cell988,Group4,Batch2,-8.078924,-1.3479993
Cell989,Group4,Batch2,-7.3524323,-2.5654695
Cell990,Group4,Batch2,-6.9201827,-1.4901854
Cell991,Group1,Batch2,13.4490595,4.217595
Cell992,Group2,Batch2,5.7334685,-9.292456
Cell993,Group2,Batch2,5.9250975,-7.3972244
Cell994,Group2,Batch2,5.8270636,-7.432885
Cell995,Group2,Batch2,5.273098,-7.614544
Cell996,Group4,Batch2,-6.803764,0.35346696
Cell997,Group2,Batch2,4.991864,-9.036006
Cell998,Group2,Batch2,6.275815,-10.7342615
Cell999,Group4,Batch2,-5.1609592,-2.308171
Cell1000,Group3,Batch2,-1.4217477,9.669506
Cell1001,Group4,Batch3,-8.187618,-2.207418
Cell1002,Group3,Batch3,0.76935077,10.910516
Cell1003,Group2,Batch3,7.117948,-9.587182
Cell1004,Group3,Batch3,-0.9106873,9.728766
Cell1005,Group3,Batch3,0.5043086,11.170028
Cell1006,Group4,Batch3,-6.404329,-2.6565678
Cell1007,Group4,Batch3,-7.173876,-0.15998389
Cell1008,Group2,Batch3,5.035684,-8.427512
Cell1009,Group3,Batch3,0.029302446,11.260366
Cell1010,Group2,Batch3,5.039501,-8.759338
Cell1011,Group3,Batch3,0.29245454,11.537286
Cell1012,Group1,Batch3,12.623389,3.9924033
Cell1013,Group4,Batch3,-8.120793,-2.6710343
Cell1014,Group3,Batch3,-0.7933257,10.978657
Cell1015,Group4,Batch3,-8.186566,-2.4765654
Cell1016,Group2,Batch3,4.5292,-9.966269
Cell1017,Group2,Batch3,4.571526,-9.228726
Cell1018,Group4,Batch3,-6.4601817,-0.9895492
Cell1019,Group2,Batch3,5.450056,-7.7045493
Cell1020,Group4,Batch3,-7.436657,0.7854094
Cell1021,Group2,Batch3,6.2349496,-8.2087345
Cell1022,Group3,Batch3,-1.5149745,10.310041
Cell1023,Group4,Batch3,-6.9609423,0.6387345
Cell1024,Group3,Batch3,-0.878414,11.983649
Cell1025,Group2,Batch3,6.160549,-8.725103
Cell1026,Group3,Batch3,-0.006246565,11.260793
Cell1027,Group4,Batch3,-8.138079,-1.7058647
Cell1028,Group2,Batch3,7.343248,-8.316952
Cell1029,Group4,Batch3,-6.194036,-2.2856166
Cell1030,Group4,Batch3,-7.260103,-3.0149844
Cell1031,Group2,Batch3,6.356002,-8.51533
Cell1032,Group4,Batch3,-8.429723,-0.5216777
Cell1033,Group4,Batch3,-6.421129,0.3829627
Cell1034,Group3,Batch3,0.06824819,10.693758
Cell1035,Group2,Batch3,4.7355,-9.562607
Cell1036,Group4,Batch3,-8.051106,-2.8491473
Cell1037,Group3,Batch3,-1.7877281,11.239926
Cell1038,Group3,Batch3,-0.6516928,8.975986
Cell1039,Group4,Batch3,-6.4688873,-1.2084823
Cell1040,Group4,Batch3,-7.3024516,-0.86529976
Cell1041,Group4,Batch3,-5.6259055,-2.017778
Cell1042,Group4,Batch3,-7.4818583,-0.9520221
Cell1043,Group4,Batch3,-7.5803485,-2.425373
Cell1044,Group4,Batch3,-7.4772334,0.27443925
Cell1045,Group3,Batch3,-0.32632875,11.248438
Cell1046,Group2,Batch3,4.492289,-8.54412
Cell1047,Group3,Batch3,0.46416846,11.307348
Cell1048,Group3,Batch3,-0.13957892,9.538801
Cell1049,Group2,Batch3,4.9385495,-9.913817
Cell1050,Group2,Batch3,5.4070673,-8.520578
Cell1051,Group2,Batch3,6.164261,-8.697643
Cell1052,Group3,Batch3,-0.24723795,10.047509
Cell1053,Group4,Batch3,-6.618389,-0.74850273
Cell1054,Group4,Batch3,-7.396462,0.9729008
Cell1055,Group3,Batch3,-1.6881607,10.882034
Cell1056,Group2,Batch3,7.4178505,-8.534824
Cell1057,Group4,Batch3,-7.605082,-2.39058
Cell1058,Group3,Batch3,-0.6872287,9.715125
Cell1059,Group2,Batch3,5.7185984,-10.721083
Cell1060,Group2,Batch3,4.4718986,-8.22129
Cell1061,Group4,Batch3,-8.634896,-0.86867017
Cell1062,Group2,Batch3,6.3090405,-7.842057
Cell1063,Group4,Batch3,-5.0541806,-1.1332523
Cell1064,Group3,Batch3,-1.0456195,9.749492
Cell1065,Group2,Batch3,5.62048,-10.152628
Cell1066,Group2,Batch3,6.0246687,-10.100502
Cell1067,Group4,Batch3,-6.30164,-2.5623617
Cell1068,Group3,Batch3,-1.505156,11.2392
Cell1069,Group2,Batch3,5.0056314,-8.8275175
Cell1070,Group3,Batch3,-0.033564415,9.398317
Cell1071,Group4,Batch3,-7.5983796,-2.2808468
Cell1072,Group4,Batch3,-8.500528,-0.8685076
Cell1073,Group4,Batch3,-6.403669,-2.095659
Cell1074,Group3,Batch3,-1.3924183,10.381965
Cell1075,Group4,Batch3,-6.128435,0.9750498
Cell1076,Group4,Batch3,-7.4256434,-1.5388484
Cell1077,Group4,Batch3,-7.1057196,-0.101607144
Cell1078,Group4,Batch3,-6.351584,-2.1779919
Cell1079,Group4,Batch3,-6.1131535,-0.1930598
Cell1080,Group3,Batch3,-1.1393079,8.913976
Cell1081,Group3,Batch3,1.0672592,9.712013
Cell1082,Group2,Batch3,7.3048744,-8.649684
Cell1083,Group2,Batch3,6.6321106,-8.626079
Cell1084,Group3,Batch3,0.89514595,10.464975
Cell1085,Group3,Batch3,0.011785809,9.442591
Cell1086,Group4,Batch3,-6.050115,-0.5659392
Cell1087,Group3,Batch3,-1.8273383,11.514833
Cell1088,Group2,Batch3,4.93027,-9.542558
Cell1089,Group4,Batch3,-7.135783,-1.8202293
Cell1090,Group2,Batch3,5.294736,-7.787784
Cell1091,Group4,Batch3,-7.457076,-0.5734368
Cell1092,Group2,Batch3,6.5359664,-9.847431
Cell1093,Group3,Batch3,-2.02614,11.416383
Cell1094,Group4,Batch3,-8.14356,-0.5934247
Cell1095,Group4,Batch3,-7.634767,-1.5157696
Cell1096,Group3,Batch3,-0.39432555,11.327581
Cell1097,Group3,Batch3,-0.7953119,11.324935
Cell1098,Group4,Batch3,-6.748569,-0.15728548
Cell1099,Group2,Batch3,6.975057,-10.103556
Cell1100,Group2,Batch3,5.80854,-8.722348
Cell1101,Group3,Batch3,0.05400973,10.703481
Cell1102,Group4,Batch3,-5.745807,-2.4333653
Cell1103,Group3,Batch3,-1.0198119,10.750315
Cell1104,Group4,Batch3,-7.2013655,-0.12732305
Cell1105,Group1,Batch3,13.278474,4.861921
Cell1106,Group2,Batch3,5.207939,-9.211061
Cell1107,Group2,Batch3,7.508982,-8.872118
Cell1108,Group2,Batch3,5.698443,-8.667212
Cell1109,Group2,Batch3,4.5026827,-8.390159
Cell1110,Group3,Batch3,0.24470378,10.1586275
Cell1111,Group4,Batch3,-6.7709827,-1.6141305
Cell1112,Group4,Batch3,-6.910672,-2.1533551
Cell1113,Group3,Batch3,0.724066,9.368943
Cell1114,Group3,Batch3,-1.5392206,10.321807
Cell1115,Group2,Batch3,6.017989,-8.0722275
Cell1116,Group3,Batch3,-1.6803352,11.01207
Cell1117,Group2,Batch3,6.300467,-10.411502
Cell1118,Group4,Batch3,-5.0718145,-2.1404684
Cell1119,Group3,Batch3,0.8068832,10.91546
Cell1120,Group2,Batch3,5.129494,-9.15273
Cell1121,Group2,Batch3,5.5428176,-9.253113
Cell1122,Group2,Batch3,5.8423147,-8.91532
Cell1123,Group1,Batch3,12.112274,4.569597
Cell1124,Group2,Batch3,6.2610755,-9.013836
Cell1125,Group4,Batch3,-6.345926,0.8289405
Cell1126,Group4,Batch3,-6.4496245,-0.9591356
Cell1127,Group3,Batch3,-0.7924946,10.518381
Cell1128,Group3,Batch3,-0.5411565,8.865199
Cell1129,Group3,Batch3,0.2819572,9.198635
Cell1130,Group3,Batch3,0.7142115,10.279161
Cell1131,Group2,Batch3,5.342092,-8.847034
Cell1132,Group4,Batch3,-6.5861983,-2.1624782
Cell1133,Group1,Batch3,13.075388,4.0936236
Cell1134,Group1,Batch3,12.713035,4.4753227
Cell1135,Group1,Batch3,12.957807,4.266589
Cell1136,Group2,Batch3,5.472118,-9.28287
Cell1137,Group4,Batch3,-5.7651753,-2.4469104
Cell1138,Group2,Batch3,5.0860133,-8.451549
Cell1139,Group4,Batch3,-6.7917147,0.59373385
Cell1140,Group1,Batch3,12.302685,3.9654303
Cell1141,Group3,Batch3,-0.69864094,9.688625
Cell1142,Group4,Batch3,-7.5859475,-2.8083143
Cell1143,Group3,Batch3,0.3525233,10.576458
Cell1144,Group4,Batch3,-7.323593,-1.6209593
Cell1145,Group3,Batch3,-0.1598581,11.801919
Cell1146,Group2,Batch3,5.4980736,-7.5991936
Cell1147,Group4,Batch3,-6.673701,-0.21898307
Cell1148,Group4,Batch3,-8.622953,-1.9140836
Cell1149,Group4,Batch3,-7.116278,-0.09320479
Cell1150,Group3,Batch3,-1.2481493,11.490758
Cell1151,Group2,Batch3,6.3767886,-9.137603
Cell1152,Group1,Batch3,12.247667,4.848463
Cell1153,Group2,Batch3,6.8230767,-7.8624587
Cell1154,Group2,Batch3,6.908812,-8.900755
Cell1155,Group3,Batch3,-0.044081833,10.549826
Cell1156,Group4,Batch3,-6.313074,0.5163592
Cell1157,Group3,Batch3,-1.3834796,11.253991
Cell1158,Group2,Batch3,6.5038857,-8.986486
Cell1159,Group4,Batch3,-6.464613,-0.8163259
Cell1160,Group2,Batch3,6.165733,-8.507499
Cell1161,Group3,Batch3,-1.5936352,10.081298
Cell1162,Group3,Batch3,0.44294426,10.486366
Cell1163,Group2,Batch3,5.601365,-9.438067
Cell1164,Group3,Batch3,0.3870231,11.321729
Cell1165,Group1,Batch3,13.527917,4.364893
Cell1166,Group3,Batch3,-0.5209929,9.822354
Cell1167,Group3,Batch3,0.01646187,9.427688
Cell1168,Group4,Batch3,-6.445868,-0.37903997
Cell1169,Group3,Batch3,0.11692108,9.086496
Cell1170,Group3,Batch3,-0.12659669,10.754733
Cell1171,Group2,Batch3,5.8048525,-9.4340105
Cell1172,Group4,Batch3,-7.714521,0.0041588154
Cell1173,Group4,Batch3,-8.179354,-1.6742679
Cell1174,Group1,Batch3,12.9599695,4.2933025
Cell1175,Group1,Batch3,12.609728,4.7754407
Cell1176,Group2,Batch3,5.4358563,-9.142836
Cell1177,Group4,Batch3,-6.52726,-2.9241593
Cell1178,Group2,Batch3,6.800255,-8.503362
Cell1179,Group1,Batch3,13.150469,4.4944787
Cell1180,Group2,Batch3,5.0807333,-9.900139
Cell1181,Group2,Batch3,5.0531597,-10.26962
Cell1182,Group4,Batch3,-6.738409,-1.6427594
Cell1183,Group3,Batch3,-0.22799602,11.874669
Cell1184,Group2,Batch3,6.305209,-10.36472
Cell1185,Group4,Batch3,-7.8537188,-2.1781611
Cell1186,Group4,Batch3,-5.426343,-1.8935486
Cell1187,Group4,Batch3,-5.702592,-1.3665597
Cell1188,Group3,Batch3,-0.70411205,11.506348
Cell1189,Group3,Batch3,-1.9151645,10.60551
Cell1190,Group2,Batch3,4.6830935,-9.332423
Cell1191,Group1,Batch3,12.9626875,4.2452993
Cell1192,Group3,Batch3,-1.6225328,9.693535
Cell1193,Group4,Batch3,-6.531095,-1.2687702
Cell1194,Group2,Batch3,5.7037764,-9.780697
Cell1195,Group2,Batch3,6.646921,-8.904343
Cell1196,Group2,Batch3,6.3752556,-8.674196
Cell1197,Group3,Batch3,0.7031225,10.725702
Cell1198,Group4,Batch3,-5.849238,0.7257459
Cell1199,Group3,Batch3,-1.2560742,9.997277
Cell1200,Group2,Batch3,7.029375,-9.933752
Cell1201,Group4,Batch3,-6.742881,-1.4234272
Cell1202,Group4,Batch3,-7.969762,-0.28449228
Cell1203,Group4,Batch3,-8.353824,-1.2328081
Cell1204,Group4,Batch3,-6.4945283,-2.1610522
Cell1205,Group4,Batch3,-7.6209664,-0.448441
Cell1206,Group4,Batch3,-6.765579,0.88473374
Cell1207,Group4,Batch3,-6.2367773,-0.8695424
Cell1208,Group1,Batch3,13.235131,4.930412
Cell1209,Group3,Batch3,0.52348393,9.691927
Cell1210,Group4,Batch3,-8.89195,-1.3907754
Cell1211,Group3,Batch3,-1.7751137,10.319162
Cell1212,Group3,Batch3,-0.8909968,9.4731865
Cell1213,Group1,Batch3,13.183627,3.5403283
Cell1214,Group2,Batch3,6.1559744,-8.874064
Cell1215,Group2,Batch3,5.384914,-8.520196
Cell1216,Group3,Batch3,-1.3925947,11.379693
Cell1217,Group4,Batch3,-7.798076,0.37830186
Cell1218,Group4,Batch3,-6.7961216,0.46388415
Cell1219,Group2,Batch3,4.4506106,-8.729836
Cell1220,Group4,Batch3,-5.2716446,-1.9530376
Cell1221,Group1,Batch3,12.679319,3.632759
Cell1222,Group3,Batch3,-0.8759844,8.942612
Cell1223,Group3,Batch3,-1.6389494,10.377971
Cell1224,Group2,Batch3,6.2263517,-8.424386
Cell1225,Group3,Batch3,-0.6824024,11.180354
Cell1226,Group4,Batch3,-8.083202,-0.04010938
Cell1227,Group3,Batch3,-2.0773866,10.901625
Cell1228,Group4,Batch3,-5.802103,-1.2849818
Cell1229,Group3,Batch3,-1.5233672,11.33941
Cell1230,Group2,Batch3,4.0422573,-8.91432
Cell1231,Group4,Batch3,-7.2646084,0.01923589
Cell1232,Group4,Batch3,-5.555241,-0.248921
Cell1233,Group3,Batch3,-0.6668222,8.911343
Cell1234,Group3,Batch3,-1.1944898,11.394384
Cell1235,Group2,Batch3,6.3012476,-9.343211
Cell1236,Group4,Batch3,-6.7917876,-2.8407574
Cell1237,Group2,Batch3,6.8919463,-8.482735
Cell1238,Group4,Batch3,-6.5146375,-1.3431855
Cell1239,Group4,Batch3,-6.731499,-2.3239927
Cell1240,Group2,Batch3,7.25745,-9.051034
Cell1241,Group1,Batch3,13.209871,4.1813307
Cell1242,Group4,Batch3,-7.2781177,-1.4467062
Cell1243,Group4,Batch3,-6.3113713,-0.115482286
Cell1244,Group1,Batch3,12.352075,4.443652
Cell1245,Group1,Batch3,12.805944,4.223036
Cell1246,Group3,Batch3,-0.8510644,11.086967
Cell1247,Group2,Batch3,6.935306,-10.272412
Cell1248,Group4,Batch3,-7.3923287,-1.2399744
Cell1249,Group4,Batch3,-5.9370813,-0.7607667
Cell1250,Group2,Batch3,5.5303397,-7.183954
Cell1251,Group2,Batch3,6.514028,-7.9369087
Cell1252,Group2,Batch3,4.667764,-8.733083
Cell1253,Group4,Batch3,-6.3381166,-0.80141085
Cell1254,Group4,Batch3,-7.29646,0.15960862
Cell1255,Group2,Batch3,6.614499,-9.838971
Cell1256,Group3,Batch3,-0.008225886,10.154146
Cell1257,Group2,Batch3,6.3936715,-8.7828665
Cell1258,Group4,Batch3,-7.693157,-2.9562192
Cell1259,Group3,Batch3,-0.7231224,11.889635
Cell1260,Group4,Batch3,-7.0528674,0.6801232
Cell1261,Group4,Batch3,-7.4189386,-2.1215894
Cell1262,Group4,Batch3,-6.135485,-1.3456025
Cell1263,Group3,Batch3,-1.2557459,9.229642
Cell1264,Group4,Batch3,-6.535256,-1.1110791
Cell1265,Group4,Batch3,-8.0748825,-0.6758411
Cell1266,Group3,Batch3,-0.95880234,9.347514
Cell1267,Group2,Batch3,5.7380605,-8.110151
Cell1268,Group3,Batch3,-1.2734542,9.15566
Cell1269,Group4,Batch3,-7.274081,0.38393673
Cell1270,Group2,Batch3,4.3792796,-7.8974853
Cell1271,Group2,Batch3,5.425345,-8.714594
Cell1272,Group4,Batch3,-5.976797,-1.0453103
Cell1273,Group3,Batch3,-0.8886416,10.92706
Cell1274,Group3,Batch3,-1.0612705,9.222649
Cell1275,Group3,Batch3,-0.8751785,9.815813
Cell1276,Group3,Batch3,0.5755927,10.772747
Cell1277,Group3,Batch3,-1.1997473,10.253918
Cell1278,Group4,Batch3,-7.172527,-2.0877993
Cell1279,Group4,Batch3,-6.4619646,-1.6714073
Cell1280,Group3,Batch3,-0.25034922,9.224849
Cell1281,Group4,Batch3,-5.38899,-0.23651108
Cell1282,Group4,Batch3,-7.1736474,-0.93591565
Cell1283,Group3,Batch3,-1.1591349,9.372126
Cell1284,Group3,Batch3,0.78670967,9.866924
Cell1285,Group2,Batch3,6.7580476,-8.128597
Cell1286,Group3,Batch3,-1.6922237,10.444606
Cell1287,Group3,Batch3,-0.7678208,11.354651
Cell1288,Group4,Batch3,-6.935343,-1.3985413
Cell1289,Group2,Batch3,5.5654244,-10.793686
Cell1290,Group3,Batch3,-1.5665244,10.14623
Cell1291,Group3,Batch3,-2.3130913,10.376387
Cell1292,Group2,Batch3,6.4054255,-9.291419
Cell1293,Group2,Batch3,7.297816,-9.036985
Cell1294,Group4,Batch3,-6.434888,-1.5798261
Cell1295,Group2,Batch3,6.001143,-9.463614
Cell1296,Group2,Batch3,6.051512,-9.458008
Cell1297,Group4,Batch3,-5.4157443,0.3453699
Cell1298,Group2,Batch3,6.4388127,-10.140106
Cell1299,Group4,Batch3,-6.680542,-2.2626772
Cell1300,Group1,Batch3,12.240185,4.701314
Cell1301,Group1,Batch3,12.845671,4.6725283
Cell1302,Group3,Batch3,0.25609848,9.430891
Cell1303,Group3,Batch3,0.5531293,9.798166
Cell1304,Group4,Batch3,-8.127756,-2.113301
Cell1305,Group4,Batch3,-7.4453096,-1.7706102
Cell1306,Group3,Batch3,0.99015313,10.118476
Cell1307,Group3,Batch3,-0.4906263,10.301656
Cell1308,Group4,Batch3,-6.807336,-0.61540127
Cell1309,Group4,Batch3,-6.6854734,0.56975377
Cell1310,Group4,Batch3,-8.310242,-0.37493446
Cell1311,Group1,Batch3,13.60968,4.140142
Cell1312,Group3,Batch3,-1.1100428,11.384559
Cell1313,Group3,Batch3,0.14901452,11.102418
Cell1314,Group3,Batch3,-0.9636005,10.481868
Cell1315,Group3,Batch3,0.21320973,9.149474
Cell1316,Group2,Batch3,6.2257013,-8.745442
Cell1317,Group2,Batch3,5.1332707,-8.688833
Cell1318,Group3,Batch3,-1.8660152,9.817596
Cell1319,Group4,Batch3,-7.812815,-2.2945807
Cell1320,Group2,Batch3,4.477929,-9.889956
Cell1321,Group2,Batch3,6.230404,-9.885894
Cell1322,Group4,Batch3,-6.9307256,0.28236866
Cell1323,Group2,Batch3,5.5103793,-10.09344
Cell1324,Group2,Batch3,6.668814,-9.266063
Cell1325,Group1,Batch3,12.710492,3.842046
Cell1326,Group2,Batch3,6.17523,-8.741883
Cell1327,Group2,Batch3,6.8464365,-9.1468315
Cell1328,Group3,Batch3,-0.5612982,11.6269
Cell1329,Group3,Batch3,-0.23370305,10.666389
Cell1330,Group4,Batch3,-7.7607913,-1.6056547
Cell1331,Group2,Batch3,5.8429966,-8.710747
Cell1332,Group4,Batch3,-6.894311,0.5704587
Cell1333,Group4,Batch3,-7.0194755,-0.25706854
Cell1334,Group3,Batch3,0.75323814,9.894331
Cell1335,Group3,Batch3,-0.2561473,11.477318
Cell1336,Group2,Batch3,5.6461573,-8.024486
Cell1337,Group2,Batch3,5.6748176,-7.206093
Cell1338,Group4,Batch3,-5.9247093,0.43204638
Cell1339,Group2,Batch3,6.59265,-9.417291
Cell1340,Group4,Batch3,-7.0255246,-2.085166
Cell1341,Group4,Batch3,-7.082687,-2.8857298
Cell1342,Group3,Batch3,-0.6702761,11.771839
Cell1343,Group2,Batch3,6.0535164,-9.951641
Cell1344,Group3,Batch3,-0.06374997,9.815174
Cell1345,Group3,Batch3,0.51783717,10.161839
Cell1346,Group4,Batch3,-7.8742256,-0.94211674
Cell1347,Group4,Batch3,-5.7845573,0.5033151
Cell1348,Group3,Batch3,-0.7480907,11.024774
Cell1349,Group2,Batch3,5.9815397,-9.570736
Cell1350,Group4,Batch3,-7.214729,0.868915
Cell1351,Group2,Batch3,5.602248,-10.275173
Cell1352,Group4,Batch3,-5.8794193,-2.746919
Cell1353,Group3,Batch3,-0.6283143,8.841106
Cell1354,Group1,Batch3,12.841689,3.635206
Cell1355,Group4,Batch3,-8.259877,-2.600146
Cell1356,Group4,Batch3,-6.29863,-1.5760328
Cell1357,Group4,Batch3,-6.111485,-0.7508087
Cell1358,Group4,Batch3,-8.494383,-1.4521618
Cell1359,Group4,Batch3,-5.5969706,-0.56702054
Cell1360,Group1,Batch3,12.219902,3.9564292
Cell1361,Group2,Batch3,5.26117,-8.796122
Cell1362,Group4,Batch3,-6.571745,-0.85804987
Cell1363,Group2,Batch3,6.2144985,-7.625193
Cell1364,Group2,Batch3,5.908482,-8.786341
Cell1365,Group3,Batch3,0.1652164,9.646471
Cell1366,Group4,Batch3,-5.9822745,-0.6586451
Cell1367,Group4,Batch3,-8.286482,-2.127335
Cell1368,Group3,Batch3,0.05653314,11.057551
Cell1369,Group4,Batch3,-7.0481253,-1.1951802
Cell1370,Group3,Batch3,-0.17925337,9.055377
Cell1371,Group4,Batch3,-7.7511597,-0.5946097
Cell1372,Group3,Batch3,0.9662908,11.043898
Cell1373,Group2,Batch3,5.6090474,-7.4210863
Cell1374,Group2,Batch3,5.3706737,-8.4943495
Cell1375,Group2,Batch3,5.2893114,-9.019923
Cell1376,Group2,Batch3,6.7765245,-9.651492
Cell1377,Group4,Batch3,-8.3443985,-0.19589171
Cell1378,Group2,Batch3,4.708206,-7.925985
Cell1379,Group3,Batch3,-0.57287025,10.052001
Cell1380,Group1,Batch3,12.899176,4.400702
Cell1381,Group3,Batch3,-0.30122024,9.89568
Cell1382,Group4,Batch3,-4.974063,-1.6617368
Cell1383,Group1,Batch3,12.730393,4.1346874
Cell1384,Group2,Batch3,4.411545,-9.483853
Cell1385,Group4,Batch3,-5.9485693,-1.640502
Cell1386,Group4,Batch3,-7.738529,-2.378241
Cell1387,Group2,Batch3,6.6250825,-10.295945
Cell1388,Group3,Batch3,-0.08051516,10.605001
Cell1389,Group3,Batch3,-1.8020135,9.821251
Cell1390,Group4,Batch3,-7.8000007,0.22037569
Cell1391,Group3,Batch3,-1.3443427,11.494698
Cell1392,Group4,Batch3,-5.891469,-2.1296716
Cell1393,Group2,Batch3,4.621956,-9.249861
Cell1394,Group2,Batch3,7.070283,-9.09434
Cell1395,Group4,Batch3,-7.540462,-0.7361907
Cell1396,Group4,Batch3,-6.743,-1.5378544
Cell1397,Group2,Batch3,4.5647907,-9.942089
Cell1398,Group2,Batch3,7.265276,-8.900931
Cell1399,Group3,Batch3,-2.1808875,11.046313
Cell1400,Group4,Batch3,-6.0666056,-2.895615
Cell1401,Group2,Batch3,7.555142,-9.699256
Cell1402,Group2,Batch3,5.598583,-8.347499
Cell1403,Group2,Batch3,5.143356,-10.447717
Cell1404,Group4,Batch3,-6.54154,-1.2361536
Cell1405,Group2,Batch3,6.4974747,-9.219014
Cell1406,Group2,Batch3,5.7989464,-8.875274
Cell1407,Group4,Batch3,-7.5305963,-0.88803285
Cell1408,Group2,Batch3,5.4675965,-8.858413
Cell1409,Group2,Batch3,6.4090314,-9.845454
Cell1410,Group4,Batch3,-6.957943,-0.5410141
Cell1411,Group2,Batch3,4.6287985,-8.989875
Cell1412,Group2,Batch3,6.448537,-9.575418
Cell1413,Group4,Batch3,-8.439871,-0.754833
Cell1414,Group4,Batch3,-7.0596323,-1.6448084
Cell1415,Group4,Batch3,-5.650521,-2.5141494
Cell1416,Group4,Batch3,-8.779679,-1.347625
Cell1417,Group4,Batch3,-4.832723,-1.3474141
Cell1418,Group3,Batch3,0.05173822,9.862851
Cell1419,Group3,Batch3,-0.9069876,11.792583
Cell1420,Group2,Batch3,5.395057,-9.0833845
Cell1421,Group3,Batch3,-0.29591593,10.598085
Cell1422,Group3,Batch3,-1.4593055,10.888178
Cell1423,Group2,Batch3,5.3696766,-10.547132
Cell1424,Group4,Batch3,-7.026028,-1.0028213
Cell1425,Group1,Batch3,13.480417,4.2883897
Cell1426,Group3,Batch3,0.3723887,11.701653
Cell1427,Group3,Batch3,-1.0020741,9.400882
Cell1428,Group3,Batch3,0.17982897,9.795651
Cell1429,Group4,Batch3,-7.5810046,-1.2325166
Cell1430,Group1,Batch3,13.184249,4.27207
Cell1431,Group2,Batch3,5.6261883,-8.108884
Cell1432,Group3,Batch3,-0.51279354,9.942217
Cell1433,Group4,Batch3,-6.037984,-2.3049848
Cell1434,Group2,Batch3,5.9753046,-7.740119
Cell1435,Group2,Batch3,7.341574,-8.822468
Cell1436,Group4,Batch3,-5.3269567,-0.5742792
Cell1437,Group4,Batch3,-5.7838054,-0.38646314
Cell1438,Group4,Batch3,-8.2986355,-1.6496731
Cell1439,Group2,Batch3,6.10798,-9.198359
Cell1440,Group2,Batch3,4.892138,-8.540739
Cell1441,Group3,Batch3,-1.8868508,10.212388
Cell1442,Group4,Batch3,-5.3608413,0.07070648
Cell1443,Group4,Batch3,-7.494517,-0.7560198
Cell1444,Group4,Batch3,-6.1948414,-0.17941448
Cell1445,Group4,Batch3,-7.146243,-1.1597673
Cell1446,Group2,Batch3,5.5807686,-9.627714
Cell1447,Group4,Batch3,-6.320769,-0.51236635
Cell1448,Group4,Batch3,-6.436001,-0.61641395
Cell1449,Group3,Batch3,0.057297017,10.480707
Cell1450,Group4,Batch3,-5.770465,-2.4854372
Cell1451,Group4,Batch3,-7.2453485,-1.7508959
Cell1452,Group4,Batch3,-8.508173,-0.102160946
Cell1453,Group4,Batch3,-6.2701054,0.6139336
Cell1454,Group3,Batch3,-0.91214347,10.446278
Cell1455,Group2,Batch3,6.5096984,-10.273382
Cell1456,Group3,Batch3,-0.8377577,10.51155
Cell1457,Group4,Batch3,-7.869082,-1.880253
Cell1458,Group2,Batch3,4.947172,-10.105289
Cell1459,Group2,Batch3,5.2593675,-9.25482
Cell1460,Group2,Batch3,4.442065,-8.591295
Cell1461,Group4,Batch3,-7.949845,-0.91152704
Cell1462,Group2,Batch3,5.947241,-7.9843245
Cell1463,Group3,Batch3,-1.3417526,10.308229
Cell1464,Group4,Batch3,-6.1630177,-2.5992634
Cell1465,Group4,Batch3,-8.739232,-0.7307745
Cell1466,Group3,Batch3,-0.6707692,9.184374
Cell1467,Group2,Batch3,5.054289,-8.92764
Cell1468,Group1,Batch3,12.510006,4.7093062
Cell1469,Group3,Batch3,-0.936211,11.179152
Cell1470,Group3,Batch3,-1.4911476,9.899963
Cell1471,Group3,Batch3,-0.9123852,11.438216
Cell1472,Group4,Batch3,-6.7199793,-0.48586884
Cell1473,Group4,Batch3,-6.7244987,-0.8802522
Cell1474,Group2,Batch3,7.139706,-9.868533
Cell1475,Group2,Batch3,4.496275,-8.858482
Cell1476,Group3,Batch3,-0.6690577,9.356313
Cell1477,Group1,Batch3,12.973402,4.8666196
Cell1478,Group4,Batch3,-7.242474,-1.6979659
Cell1479,Group2,Batch3,4.8665214,-9.435121
Cell1480,Group3,Batch3,-1.0356994,9.406115
Cell1481,Group2,Batch3,7.062262,-9.060166
Cell1482,Group2,Batch3,5.6490498,-10.625396
Cell1483,Group2,Batch3,6.337801,-7.9045486
Cell1484,Group1,Batch3,13.10969,4.734206
Cell1485,Group2,Batch3,5.5810337,-7.8480644
Cell1486,Group2,Batch3,7.280067,-9.172574
Cell1487,Group4,Batch3,-7.0620265,-2.240168
Cell1488,Group4,Batch3,-7.204393,0.4962753
Cell1489,Group4,Batch3,-5.989783,-0.41562134
Cell1490,Group4,Batch3,-5.7560077,-0.3058674
Cell1491,Group4,Batch3,-7.1089807,-0.6086244
Cell1492,Group3,Batch3,-0.410689,11.003678
Cell1493,Group2,Batch3,4.3680096,-9.4602375
Cell1494,Group3,Batch3,0.3536183,9.339853
Cell1495,Group1,Batch3,12.831432,3.9592626
Cell1496,Group2,Batch3,4.9412026,-10.253526
Cell1497,Group3,Batch3,-0.13824312,9.82163
Cell1498,Group3,Batch3,0.9035144,9.97661
Cell1499,Group3,Batch3,0.13223244,12.012569
Cell1500,Group3,Batch3,-1.7206844,11.00166
Cell1501,Group3,Batch4,-1.55977,10.483453
Cell1502,Group2,Batch4,5.667688,-8.404222
Cell1503,Group4,Batch4,-6.0760207,-0.5962121
Cell1504,Group2,Batch4,6.4468713,-9.9539385
Cell1505,Group4,Batch4,-8.703758,-0.835331
Cell1506,Group1,Batch4,12.854424,4.5207477
Cell1507,Group2,Batch4,5.3696504,-8.424189
Cell1508,Group2,Batch4,6.5968103,-9.769654
Cell1509,Group2,Batch4,4.5542283,-8.866201
Cell1510,Group1,Batch4,12.805006,3.9691901
Cell1511,Group3,Batch4,0.61663693,10.081037
Cell1512,Group1,Batch4,13.053927,4.798257
Cell1513,Group4,Batch4,-6.709476,-1.8869057
Cell1514,Group2,Batch4,4.6595116,-8.214174
Cell1515,Group3,Batch4,-1.7322241,11.322519
Cell1516,Group4,Batch4,-6.0689836,-1.5401357
Cell1517,Group1,Batch4,12.826278,3.9257293
Cell1518,Group2,Batch4,4.85946,-8.79044
Cell1519,Group4,Batch4,-7.04176,-1.475834
Cell1520,Group2,Batch4,6.0084815,-7.400966
Cell1521,Group4,Batch4,-5.6117764,-1.1625347
Cell1522,Group3,Batch4,-1.538716,9.538325
Cell1523,Group3,Batch4,-0.30568108,9.112981
Cell1524,Group2,Batch4,5.9268293,-7.491066
Cell1525,Group4,Batch4,-6.482235,-0.0010592813
Cell1526,Group4,Batch4,-7.8079743,-1.8476739
Cell1527,Group3,Batch4,0.12935002,10.339023
Cell1528,Group4,Batch4,-7.224928,-0.23850088
Cell1529,Group3,Batch4,-1.1217538,10.791054
Cell1530,Group3,Batch4,-0.24811047,9.158784
Cell1531,Group3,Batch4,-0.7430677,10.345228
Cell1532,Group2,Batch4,4.428886,-9.035359
Cell1533,Group4,Batch4,-7.7774234,-0.7795561
Cell1534,Group4,Batch4,-5.662162,-1.4666988
Cell1535,Group4,Batch4,-6.941307,-2.2987936
Cell1536,Group2,Batch4,5.1590962,-10.455848
Cell1537,Group1,Batch4,12.72525,4.0247045
Cell1538,Group4,Batch4,-6.365931,-0.93616
Cell1539,Group2,Batch4,5.5339603,-7.376216
Cell1540,Group3,Batch4,0.410778,9.304481
Cell1541,Group4,Batch4,-7.9109316,-0.6142605
Cell1542,Group2,Batch4,5.7219443,-8.847864
Cell1543,Group4,Batch4,-5.810303,-0.57649064
Cell1544,Group4,Batch4,-5.6800585,-1.0540715
Cell1545,Group4,Batch4,-7.083342,-1.0542138
Cell1546,Group2,Batch4,6.9439077,-8.634524
Cell1547,Group4,Batch4,-7.0573606,-2.6614635
Cell1548,Group3,Batch4,-0.5320654,10.453556
Cell1549,Group3,Batch4,0.49413076,10.110972
Cell1550,Group4,Batch4,-6.6016684,-2.320265
Cell1551,Group3,Batch4,-1.0571468,10.588879
Cell1552,Group2,Batch4,4.9976645,-10.407345
Cell1553,Group2,Batch4,6.931261,-8.7197
Cell1554,Group4,Batch4,-8.69494,-1.0121794
Cell1555,Group2,Batch4,5.458149,-9.69706
Cell1556,Group3,Batch4,-0.90423536,9.836464
Cell1557,Group3,Batch4,-1.8357171,10.0262575
Cell1558,Group2,Batch4,6.0340776,-8.692958
Cell1559,Group4,Batch4,-8.2237625,-0.6571809
Cell1560,Group2,Batch4,6.616688,-8.0936985
Cell1561,Group4,Batch4,-7.0470333,-2.7687545
Cell1562,Group3,Batch4,0.12540199,11.3592205
Cell1563,Group2,Batch4,5.4323483,-10.391128
Cell1564,Group4,Batch4,-8.151671,-0.8333968
Cell1565,Group3,Batch4,-1.0540774,11.622757
Cell1566,Group2,Batch4,6.4035196,-9.709226
Cell1567,Group2,Batch4,6.890879,-8.945556
Cell1568,Group2,Batch4,4.8144875,-8.821724
Cell1569,Group2,Batch4,6.409756,-10.0209255
Cell1570,Group4,Batch4,-8.266453,0.11156373
Cell1571,Group4,Batch4,-5.348236,-0.28603405
Cell1572,Group4,Batch4,-5.7364025,-1.135948
Cell1573,Group3,Batch4,0.04257463,11.667038
Cell1574,Group3,Batch4,0.24690595,10.056755
Cell1575,Group4,Batch4,-6.7495723,0.034553494
Cell1576,Group3,Batch4,-0.42732683,10.482087
Cell1577,Group3,Batch4,-0.67632467,9.438842
Cell1578,Group1,Batch4,12.97861,4.80992
Cell1579,Group1,Batch4,12.712718,4.345203
Cell1580,Group1,Batch4,12.456925,4.0176883
Cell1581,Group2,Batch4,4.441248,-8.261688
Cell1582,Group4,Batch4,-8.129423,-0.2222458
Cell1583,Group2,Batch4,4.513937,-8.26478
Cell1584,Group4,Batch4,-7.4869914,0.36353078
Cell1585,Group1,Batch4,13.066996,3.847136
Cell1586,Group4,Batch4,-5.0458603,-0.90918833
Cell1587,Group2,Batch4,6.1666155,-10.332783
Cell1588,Group3,Batch4,-1.4161527,10.401091
Cell1589,Group4,Batch4,-5.48049,-0.044488054
Cell1590,Group2,Batch4,6.149885,-9.97674
Cell1591,Group4,Batch4,-6.248935,-1.492136
Cell1592,Group2,Batch4,5.8090553,-10.294861
Cell1593,Group4,Batch4,-6.847839,0.1056458
Cell1594,Group2,Batch4,4.8740754,-9.042936
Cell1595,Group2,Batch4,6.555438,-7.4301004
Cell1596,Group2,Batch4,5.618343,-7.459805
Cell1597,Group4,Batch4,-7.446885,-2.728761
Cell1598,Group3,Batch4,-1.9089276,10.732455
Cell1599,Group4,Batch4,-8.251579,-1.5103134
Cell1600,Group4,Batch4,-8.325506,-0.5729287
Cell1601,Group3,Batch4,-0.98663956,11.309674
Cell1602,Group2,Batch4,6.7877946,-8.151082
Cell1603,Group3,Batch4,1.229688,10.062248
Cell1604,Group2,Batch4,5.6845107,-9.488969
Cell1605,Group4,Batch4,-5.715943,-2.4122863
Cell1606,Group3,Batch4,0.3764912,9.523835
Cell1607,Group4,Batch4,-7.874273,-2.6945786
Cell1608,Group4,Batch4,-7.7178345,0.8612369
Cell1609,Group3,Batch4,0.26501122,11.20394
Cell1610,Group4,Batch4,-6.5706587,0.6870359
Cell1611,Group4,Batch4,-5.1196346,-1.1356372
Cell1612,Group4,Batch4,-8.458336,-0.49079996
Cell1613,Group4,Batch4,-6.073143,-1.4210814
Cell1614,Group2,Batch4,6.9484863,-7.650021
Cell1615,Group2,Batch4,6.631378,-8.9451475
Cell1616,Group4,Batch4,-6.3293905,-1.4575093
Cell1617,Group2,Batch4,6.860279,-9.060943
Cell1618,Group4,Batch4,-5.969382,-2.7937417
Cell1619,Group2,Batch4,5.902257,-10.061719
Cell1620,Group4,Batch4,-7.116087,-1.5133532
Cell1621,Group3,Batch4,-2.3161411,10.370206
Cell1622,Group4,Batch4,-5.01917,-1.5950855
Cell1623,Group3,Batch4,0.070263006,10.41411
Cell1624,Group3,Batch4,-1.2442288,10.775506
Cell1625,Group2,Batch4,4.7910757,-8.364778
Cell1626,Group4,Batch4,-8.508894,-0.16941853
Cell1627,Group2,Batch4,6.4480443,-7.72623
Cell1628,Group4,Batch4,-7.8338814,0.29333717
Cell1629,Group4,Batch4,-6.1020446,-2.4354699
Cell1630,Group4,Batch4,-5.934581,-1.1477222
Cell1631,Group2,Batch4,6.4480777,-9.50989
Cell1632,Group4,Batch4,-7.3769064,0.6024434
Cell1633,Group4,Batch4,-6.7912292,-2.2091
Cell1634,Group3,Batch4,-0.2210692,11.672513
Cell1635,Group1,Batch4,12.759275,4.5456147
Cell1636,Group3,Batch4,0.77453285,9.941704
Cell1637,Group3,Batch4,0.28030303,10.013086
Cell1638,Group4,Batch4,-7.727652,-0.6539795
Cell1639,Group4,Batch4,-6.465406,-0.08004416
Cell1640,Group4,Batch4,-7.5525565,-2.496415
Cell1641,Group4,Batch4,-7.1979356,0.028844113
Cell1642,Group2,Batch4,4.286184,-8.218576
Cell1643,Group3,Batch4,0.08631878,10.729094
Cell1644,Group2,Batch4,6.3189416,-8.400854
Cell1645,Group3,Batch4,-0.5384329,11.10688
Cell1646,Group4,Batch4,-8.382564,-0.14835638
Cell1647,Group3,Batch4,-0.14548543,11.06035
Cell1648,Group2,Batch4,5.596099,-8.491522
Cell1649,Group3,Batch4,0.748395,10.8966255
Cell1650,Group4,Batch4,-5.862548,-1.3452326
Cell1651,Group4,Batch4,-5.821215,-2.8950038
Cell1652,Group4,Batch4,-5.3333473,-2.1504078
Cell1653,Group2,Batch4,5.9007545,-7.8180213
Cell1654,Group4,Batch4,-6.4247394,-0.2783235
Cell1655,Group4,Batch4,-6.585812,0.9290752
Cell1656,Group3,Batch4,-1.0361109,11.051789
Cell1657,Group1,Batch4,12.937673,5.135273
Cell1658,Group4,Batch4,-7.2622056,-0.3350311
Cell1659,Group2,Batch4,5.0473948,-10.332876
Cell1660,Group2,Batch4,5.8029075,-7.5079327
Cell1661,Group3,Batch4,-1.7322251,9.655919
Cell1662,Group2,Batch4,5.8195543,-10.516382
Cell1663,Group2,Batch4,7.717063,-9.413716
Cell1664,Group2,Batch4,5.5915275,-9.788241
Cell1665,Group3,Batch4,0.70231867,10.229741
Cell1666,Group3,Batch4,-1.4850832,9.6251955
Cell1667,Group2,Batch4,6.1724267,-7.932584
Cell1668,Group4,Batch4,-6.987473,-1.1217376
Cell1669,Group2,Batch4,6.5842733,-9.260164
Cell1670,Group3,Batch4,-0.28515527,11.440105
Cell1671,Group2,Batch4,4.86235,-8.049013
Cell1672,Group4,Batch4,-6.719511,-1.2615217
Cell1673,Group4,Batch4,-7.3848352,-2.1735497
Cell1674,Group4,Batch4,-7.5673027,-1.2054044
Cell1675,Group4,Batch4,-5.7719893,-1.0416034
Cell1676,Group2,Batch4,6.8286204,-10.29153
Cell1677,Group3,Batch4,-0.5098625,10.684717
Cell1678,Group2,Batch4,6.303786,-7.19826
Cell1679,Group1,Batch4,13.620687,4.2931004
Cell1680,Group2,Batch4,4.9603405,-9.190869
Cell1681,Group3,Batch4,-0.5782652,10.681082
Cell1682,Group4,Batch4,-6.724454,-1.4782078
Cell1683,Group4,Batch4,-5.3951993,-0.5122199
Cell1684,Group2,Batch4,5.924999,-8.383063
Cell1685,Group4,Batch4,-6.7416215,-1.7416143
Cell1686,Group2,Batch4,7.181261,-9.55312
Cell1687,Group2,Batch4,5.6074753,-9.114959
Cell1688,Group2,Batch4,7.0769525,-8.430282
Cell1689,Group2,Batch4,4.492062,-8.312575
Cell1690,Group3,Batch4,0.026292304,11.596466
Cell1691,Group3,Batch4,-1.2795658,10.659158
Cell1692,Group2,Batch4,5.430871,-8.700073
Cell1693,Group2,Batch4,5.0159717,-7.7746325
Cell1694,Group3,Batch4,-1.1632376,9.960802
Cell1695,Group2,Batch4,7.3097916,-8.474653
Cell1696,Group4,Batch4,-7.8617787,-0.23689869
Cell1697,Group4,Batch4,-6.201683,-2.4838006
Cell1698,Group2,Batch4,6.0592537,-10.009242
Cell1699,Group4,Batch4,-5.663129,-0.45957413
Cell1700,Group3,Batch4,-1.6986681,10.086114
Cell1701,Group2,Batch4,4.3427873,-9.659399
Cell1702,Group3,Batch4,-0.9040023,10.390066
Cell1703,Group4,Batch4,-6.7981215,0.7687106
Cell1704,Group4,Batch4,-8.780101,-1.5608577
Cell1705,Group2,Batch4,6.76767,-8.515976
Cell1706,Group4,Batch4,-6.9528475,-2.5006
Cell1707,Group4,Batch4,-7.263717,-2.5015776
Cell1708,Group2,Batch4,7.311128,-9.576964
Cell1709,Group2,Batch4,5.2101393,-8.273305
Cell1710,Group3,Batch4,-0.022867085,8.95884
Cell1711,Group3,Batch4,-1.6176991,9.474642
Cell1712,Group1,Batch4,12.654788,3.8565173
Cell1713,Group2,Batch4,5.7523055,-7.633921
Cell1714,Group2,Batch4,5.922183,-8.996696
Cell1715,Group3,Batch4,-0.678126,9.528317
Cell1716,Group4,Batch4,-8.064227,-2.1895306
Cell1717,Group3,Batch4,-1.5699618,11.027437
Cell1718,Group3,Batch4,-0.41001448,10.21415
Cell1719,Group4,Batch4,-7.771166,-1.9509618
Cell1720,Group4,Batch4,-7.04047,-0.57828176
Cell1721,Group4,Batch4,-6.844673,-0.119675055
Cell1722,Group4,Batch4,-6.6796403,-1.7525475
Cell1723,Group4,Batch4,-7.6474705,-0.25208187
Cell1724,Group2,Batch4,6.3789444,-7.571962
Cell1725,Group3,Batch4,-0.11306036,10.952704
Cell1726,Group3,Batch4,-1.0065068,10.344143
Cell1727,Group4,Batch4,-7.4229817,-1.7141428
Cell1728,Group2,Batch4,4.4852366,-8.969519
Cell1729,Group2,Batch4,4.357789,-8.735516
Cell1730,Group2,Batch4,5.148862,-9.373752
Cell1731,Group4,Batch4,-6.1587353,-2.0932968
Cell1732,Group4,Batch4,-7.428766,-0.19585158
Cell1733,Group1,Batch4,12.127631,4.635581
Cell1734,Group4,Batch4,-6.3833404,-0.9986225
Cell1735,Group4,Batch4,-8.452826,-1.7981386
Cell1736,Group4,Batch4,-8.443607,-1.6390505
Cell1737,Group2,Batch4,7.27947,-8.687809
Cell1738,Group2,Batch4,5.043088,-9.027132
Cell1739,Group4,Batch4,-7.865029,-2.6022487
Cell1740,Group2,Batch4,6.5387654,-10.091212
Cell1741,Group3,Batch4,-0.105680116,11.436767
Cell1742,Group4,Batch4,-8.284411,-0.14304209
Cell1743,Group4,Batch4,-6.5096893,-1.1698549
Cell1744,Group3,Batch4,-1.0639725,9.469248
Cell1745,Group4,Batch4,-6.5444365,-0.5882742
Cell1746,Group3,Batch4,-1.0394378,9.91086
Cell1747,Group2,Batch4,4.5947194,-9.529991
Cell1748,Group3,Batch4,0.2067453,10.7070465
Cell1749,Group2,Batch4,6.051472,-10.60351
Cell1750,Group3,Batch4,-0.051445257,10.800564
Cell1751,Group4,Batch4,-6.3061094,-1.8242906
Cell1752,Group2,Batch4,6.103665,-10.653479
Cell1753,Group2,Batch4,6.7831907,-10.48388
Cell1754,Group4,Batch4,-6.638012,-0.59378254
Cell1755,Group4,Batch4,-5.674623,-0.1161012
Cell1756,Group2,Batch4,6.5193195,-9.47112
Cell1757,Group2,Batch4,4.838831,-9.881384
Cell1758,Group1,Batch4,12.348932,4.304588
Cell1759,Group2,Batch4,7.0598655,-7.984324
Cell1760,Group4,Batch4,-5.7637835,-0.6470167
Cell1761,Group1,Batch4,12.231898,4.18832
Cell1762,Group2,Batch4,7.3799157,-9.669753
Cell1763,Group3,Batch4,-1.779076,11.347821
Cell1764,Group2,Batch4,6.336001,-10.465482
Cell1765,Group3,Batch4,-0.20339729,11.871937
Cell1766,Group2,Batch4,6.867218,-8.696631
Cell1767,Group3,Batch4,-0.9511717,9.015666
Cell1768,Group3,Batch4,-1.6638095,11.5238285
Cell1769,Group3,Batch4,-0.8641404,10.88964
Cell1770,Group3,Batch4,-0.8786124,11.474714
Cell1771,Group3,Batch4,-1.179785,10.614041
Cell1772,Group3,Batch4,0.57492304,9.826676
Cell1773,Group2,Batch4,5.7003527,-9.389703
Cell1774,Group3,Batch4,-0.13414212,9.311833
Cell1775,Group3,Batch4,-0.24628411,9.540008
Cell1776,Group4,Batch4,-5.8835416,-1.2393975
Cell1777,Group3,Batch4,-1.6378064,10.985006
Cell1778,Group2,Batch4,5.9647174,-10.164866
Cell1779,Group4,Batch4,-5.925649,-1.1875575
Cell1780,Group4,Batch4,-6.234902,0.2691638
Cell1781,Group2,Batch4,6.2436996,-10.031589
Cell1782,Group2,Batch4,6.730489,-9.574754
Cell1783,Group3,Batch4,-1.3092313,10.650514
Cell1784,Group4,Batch4,-6.3765426,-0.037420735
Cell1785,Group2,Batch4,5.925035,-7.6064734
Cell1786,Group3,Batch4,-1.049579,10.6663265
Cell1787,Group4,Batch4,-6.7840037,0.46758223
Cell1788,Group4,Batch4,-7.197695,-2.0411148
Cell1789,Group3,Batch4,0.8232213,9.692122
Cell1790,Group3,Batch4,-1.3689289,9.932953
Cell1791,Group4,Batch4,-6.4298806,0.6171002
Cell1792,Group3,Batch4,-1.2892333,9.038591
Cell1793,Group4,Batch4,-7.5093822,-0.25321695
Cell1794,Group4,Batch4,-6.120094,-1.2956613
Cell1795,Group2,Batch4,4.805264,-7.783959
Cell1796,Group4,Batch4,-7.345857,-0.0069404705
Cell1797,Group4,Batch4,-8.851397,-1.3485113
Cell1798,Group2,Batch4,5.4581337,-9.612678
Cell1799,Group4,Batch4,-5.6758637,-0.20670782
Cell1800,Group4,Batch4,-8.181257,-0.30524063
Cell1801,Group3,Batch4,0.5832353,9.381952
Cell1802,Group4,Batch4,-5.1812835,-0.883508
Cell1803,Group2,Batch4,7.1931376,-9.472855
Cell1804,Group3,Batch4,-0.46081993,9.630102
Cell1805,Group4,Batch4,-7.2146764,-2.6346169
Cell1806,Group2,Batch4,6.1949167,-7.9934335
Cell1807,Group2,Batch4,6.6316214,-7.7992396
Cell1808,Group2,Batch4,5.068228,-8.534595
Cell1809,Group3,Batch4,-1.2580688,9.826908
Cell1810,Group3,Batch4,0.4097021,10.017464
Cell1811,Group4,Batch4,-5.643569,-0.3902353
Cell1812,Group2,Batch4,5.0608916,-9.897767
Cell1813,Group2,Batch4,5.528278,-9.562518
Cell1814,Group1,Batch4,12.783736,3.9521427
Cell1815,Group4,Batch4,-6.9381866,-2.9344487
Cell1816,Group4,Batch4,-7.974714,-1.3666852
Cell1817,Group4,Batch4,-7.182132,-0.8952875
Cell1818,Group3,Batch4,-1.1980586,10.029438
Cell1819,Group3,Batch4,-0.33083907,10.612864
Cell1820,Group2,Batch4,4.890665,-7.9927273
Cell1821,Group3,Batch4,-1.8510329,10.285604
Cell1822,Group2,Batch4,5.7209787,-9.782297
Cell1823,Group2,Batch4,6.059282,-8.517711
Cell1824,Group4,Batch4,-7.610529,-0.11790795
Cell1825,Group2,Batch4,6.3467374,-9.542483
Cell1826,Group4,Batch4,-8.619959,-1.661458
Cell1827,Group3,Batch4,0.3934889,11.311306
Cell1828,Group2,Batch4,6.4721384,-8.17824
Cell1829,Group1,Batch4,12.34165,4.9372807
Cell1830,Group4,Batch4,-6.4876256,0.7041476
Cell1831,Group4,Batch4,-6.46707,-2.6346533
Cell1832,Group2,Batch4,5.110991,-9.881251
Cell1833,Group1,Batch4,13.232807,4.1048293
Cell1834,Group2,Batch4,6.5520945,-7.455403
Cell1835,Group2,Batch4,5.9245725,-9.828857
Cell1836,Group2,Batch4,4.787569,-9.239495
Cell1837,Group3,Batch4,0.894139,9.569115
Cell1838,Group4,Batch4,-6.4928827,0.47832885
Cell1839,Group4,Batch4,-5.615141,-0.42474538
Cell1840,Group3,Batch4,0.39472944,10.374757
Cell1841,Group4,Batch4,-6.278969,0.8475944
Cell1842,Group4,Batch4,-6.1664896,0.106920764
Cell1843,Group4,Batch4,-7.1062512,-2.3342123
Cell1844,Group3,Batch4,-1.388765,9.562752
Cell1845,Group4,Batch4,-7.164465,0.05695914
Cell1846,Group4,Batch4,-7.578016,-1.0218984
Cell1847,Group3,Batch4,-0.44230658,9.936806
Cell1848,Group4,Batch4,-6.794,0.17167306
Cell1849,Group3,Batch4,-1.5483798,11.250506
Cell1850,Group3,Batch4,0.58680266,9.689498
Cell1851,Group2,Batch4,6.752635,-7.9277654
Cell1852,Group3,Batch4,-1.1546582,9.297099
Cell1853,Group4,Batch4,-7.199055,-2.6212983
Cell1854,Group3,Batch4,-0.9714215,9.533014
Cell1855,Group3,Batch4,-0.8146253,10.515568
Cell1856,Group4,Batch4,-6.2938643,-0.35845497
Cell1857,Group3,Batch4,-1.8123467,10.696386
Cell1858,Group4,Batch4,-6.1364036,-1.892804
Cell1859,Group3,Batch4,-1.1512756,10.832673
Cell1860,Group2,Batch4,4.403952,-8.66479
Cell1861,Group3,Batch4,-1.2704792,10.865576
Cell1862,Group2,Batch4,6.2411056,-10.453515
Cell1863,Group2,Batch4,4.6624737,-8.01127
Cell1864,Group2,Batch4,4.753448,-10.130461
Cell1865,Group3,Batch4,-0.11123424,10.790877
Cell1866,Group2,Batch4,6.5819235,-7.5192146
Cell1867,Group3,Batch4,-0.36269626,8.978474
Cell1868,Group4,Batch4,-5.7457376,-2.0433702
Cell1869,Group3,Batch4,-1.9074931,10.858034
Cell1870,Group3,Batch4,-0.10587056,9.899474
Cell1871,Group4,Batch4,-8.293095,-0.6408675
Cell1872,Group4,Batch4,-5.686943,-1.4047076
Cell1873,Group2,Batch4,6.274224,-9.637006
Cell1874,Group3,Batch4,-1.0197808,10.514376
Cell1875,Group3,Batch4,-0.96047944,10.636523
Cell1876,Group2,Batch4,5.7267923,-8.6799965
Cell1877,Group4,Batch4,-5.1444435,-1.0701231
Cell1878,Group3,Batch4,0.06618206,9.907964
Cell1879,Group4,Batch4,-7.259411,-0.0741261
Cell1880,Group3,Batch4,-0.6334225,10.695861
Cell1881,Group4,Batch4,-6.9364824,-0.44030663
Cell1882,Group3,Batch4,-0.6886289,10.216593
Cell1883,Group3,Batch4,-0.41395432,9.336433
Cell1884,Group4,Batch4,-5.746818,-0.21629351
Cell1885,Group4,Batch4,-8.451931,-0.30140895
Cell1886,Group2,Batch4,7.0074477,-9.17506
Cell1887,Group4,Batch4,-8.630135,-1.0561697
Cell1888,Group2,Batch4,4.399053,-8.733812
Cell1889,Group4,Batch4,-7.405396,-1.1799024
Cell1890,Group4,Batch4,-5.31847,-0.80470425
Cell1891,Group3,Batch4,-0.7395158,9.252415
Cell1892,Group3,Batch4,-1.527283,10.654576
Cell1893,Group1,Batch4,12.801884,3.6992655
Cell1894,Group4,Batch4,-8.266385,-1.2435825
Cell1895,Group3,Batch4,-0.37245542,10.06196
Cell1896,Group4,Batch4,-6.422766,-1.6795182
Cell1897,Group2,Batch4,4.8445315,-10.450861
Cell1898,Group2,Batch4,4.836142,-7.78559
Cell1899,Group4,Batch4,-6.019461,-1.9461181
Cell1900,Group4,Batch4,-7.2840567,-1.5580549
Cell1901,Group4,Batch4,-6.406984,-1.6319758
Cell1902,Group2,Batch4,5.4160156,-7.5963244
Cell1903,Group2,Batch4,4.9920425,-9.992707
Cell1904,Group4,Batch4,-8.06448,-1.4682049
Cell1905,Group4,Batch4,-7.306182,-2.0736234
Cell1906,Group4,Batch4,-6.000038,-0.7249305
Cell1907,Group2,Batch4,6.938139,-9.535517
Cell1908,Group1,Batch4,12.934404,4.886946
Cell1909,Group4,Batch4,-7.548871,0.6105724
Cell1910,Group4,Batch4,-6.433408,-0.064282246
Cell1911,Group2,Batch4,4.6319976,-8.489404
Cell1912,Group2,Batch4,4.89647,-10.106004
Cell1913,Group4,Batch4,-8.451659,-0.43471065
Cell1914,Group1,Batch4,12.833086,4.775148
Cell1915,Group1,Batch4,13.219872,4.3426642
Cell1916,Group2,Batch4,5.4155774,-8.146972
Cell1917,Group4,Batch4,-8.225052,0.1749569
Cell1918,Group2,Batch4,6.1913953,-7.7819257
Cell1919,Group4,Batch4,-7.5296345,-1.4892334
Cell1920,Group2,Batch4,6.0896163,-10.252955
Cell1921,Group2,Batch4,5.6790595,-10.399741
Cell1922,Group4,Batch4,-5.947495,-1.6108874
Cell1923,Group4,Batch4,-5.4301944,-1.2315328
Cell1924,Group3,Batch4,-0.49173486,10.621775
Cell1925,Group3,Batch4,-1.2608252,11.292505
Cell1926,Group3,Batch4,-0.07228813,9.14972
Cell1927,Group3,Batch4,0.8064291,10.5061655
Cell1928,Group2,Batch4,5.237153,-7.5851917
Cell1929,Group1,Batch4,12.391015,4.766264
Cell1930,Group4,Batch4,-7.5724683,-0.7829812
Cell1931,Group4,Batch4,-5.2419972,-2.2644901
Cell1932,Group2,Batch4,6.517877,-8.756545
Cell1933,Group3,Batch4,-0.26284507,9.3751135
Cell1934,Group4,Batch4,-8.2874155,-2.0686536
Cell1935,Group3,Batch4,-0.6139821,11.681833
Cell1936,Group4,Batch4,-7.0809712,-1.7139786
Cell1937,Group3,Batch4,-1.0722423,11.533127
Cell1938,Group4,Batch4,-7.5051184,-2.272115
Cell1939,Group2,Batch4,6.4188886,-8.381265
Cell1940,Group4,Batch4,-5.541846,-1.7435248
Cell1941,Group1,Batch4,12.104883,4.2404203
Cell1942,Group4,Batch4,-7.3679714,-0.61939055
Cell1943,Group4,Batch4,-6.7715063,-1.040419
Cell1944,Group4,Batch4,-6.279187,-1.7742728
Cell1945,Group2,Batch4,7.1678343,-8.1424465
Cell1946,Group4,Batch4,-5.3976946,-0.6501517
Cell1947,Group3,Batch4,-0.4231056,10.769792
Cell1948,Group2,Batch4,6.750852,-9.892384
Cell1949,Group1,Batch4,11.952543,4.813011
Cell1950,Group2,Batch4,5.599933,-10.511801
Cell1951,Group4,Batch4,-6.0877466,-0.4007334
Cell1952,Group3,Batch4,-1.4517382,10.557116
Cell1953,Group4,Batch4,-7.1950645,-0.91612524
Cell1954,Group2,Batch4,6.521469,-8.450246
Cell1955,Group4,Batch4,-7.972957,-2.1267648
Cell1956,Group4,Batch4,-7.3648934,-2.7411225
Cell1957,Group3,Batch4,-0.960091,9.751694
Cell1958,Group4,Batch4,-7.6863403,-2.1431603
Cell1959,Group3,Batch4,0.18716122,11.770003
Cell1960,Group3,Batch4,-1.437963,10.685461
Cell1961,Group2,Batch4,6.173858,-9.019558
Cell1962,Group2,Batch4,5.8219485,-9.701147
Cell1963,Group4,Batch4,-7.413309,0.78881836
Cell1964,Group2,Batch4,5.079291,-8.179742
Cell1965,Group4,Batch4,-7.779259,-0.8807707
Cell1966,Group1,Batch4,12.338847,4.494829
Cell1967,Group3,Batch4,1.1180369,10.217629
Cell1968,Group2,Batch4,5.8996787,-9.887464
Cell1969,Group4,Batch4,-5.4526205,-2.3361259
Cell1970,Group3,Batch4,-0.62085366,11.115229
Cell1971,Group4,Batch4,-7.2825327,-1.9613158
Cell1972,Group2,Batch4,5.919083,-9.1596155
Cell1973,Group3,Batch4,-0.7966258,11.7202015
Cell1974,Group3,Batch4,0.31816036,10.918919
Cell1975,Group1,Batch4,12.760939,3.7483861
Cell1976,Group2,Batch4,5.876093,-8.65312
Cell1977,Group4,Batch4,-7.536775,-0.68043864
Cell1978,Group4,Batch4,-7.593329,-1.4995846
Cell1979,Group4,Batch4,-5.579139,0.3071385
Cell1980,Group4,Batch4,-7.4964848,-0.23249519
Cell1981,Group2,Batch4,5.350891,-7.5273895
Cell1982,Group4,Batch4,-8.684942,-1.1413003
Cell1983,Group4,Batch4,-8.139427,0.21677677
Cell1984,Group3,Batch4,-0.07685584,10.370966
Cell1985,Group2,Batch4,5.520144,-9.143438
Cell1986,Group1,Batch4,13.297961,4.26752
Cell1987,Group3,Batch4,-0.6435333,9.714034
Cell1988,Group2,Batch4,6.682211,-10.130616
Cell1989,Group3,Batch4,-1.1741817,10.181705
Cell1990,Group3,Batch4,-0.08937876,11.313414
Cell1991,Group4,Batch4,-7.434515,-1.8661369
Cell1992,Group2,Batch4,5.5380936,-7.9637356
Cell1993,Group4,Batch4,-7.6739583,-0.7264962
Cell1994,Group3,Batch4,-1.8140541,11.58742
Cell1995,Group3,Batch4,-1.3606303,9.960344
Cell1996,Group3,Batch4,-0.66184276,9.690455
Cell1997,Group1,Batch4,12.859248,3.991014
Cell1998,Group4,Batch4,-7.7454553,-0.4126906
Cell1999,Group3,Batch4,0.525306,11.520206
Cell2000,Group2,Batch4,5.2142177,-9.224191
